fecha_corte,id_sucursal,id_producto,stock_disponible,stock_minimo,stock_maximo,lote,fecha_vencimiento
2026-01-31,1,1001,88,24,104,L260101001,2026-11-11
2026-01-31,1,1002,70,25,101,L260101002,2026-07-13
2026-01-31,1,1003,66,23,110,L260101003,2026-08-21
2026-01-31,1,1004,35,12,71,L260101004,2026-04-06
2026-01-31,1,1005,34,23,115,L260101005,2026-08-13
2026-01-31,1,1006,0,13,43,L260101006,2026-04-06
2026-01-31,1,1007,44,21,85,L260101007,2027-03-31
2026-01-31,1,1008,43,20,102,L260101008,2027-03-01
2026-01-31,1,1009,61,21,102,L260101009,2027-01-23
2026-01-31,1,1010,45,22,69,L260101010,2027-04-02
2026-01-31,1,1011,55,21,70,L260101011,2026-09-19
2026-01-31,1,1012,55,22,104,L260101012,2026-12-31
2026-01-31,1,1013,13,8,94,L260101013,2026-09-06
2026-01-31,1,1014,53,9,80,L260101014,2026-05-28
2026-01-31,1,1015,0,10,57,L260101015,2026-11-25
2026-01-31,1,1016,45,15,94,L260101016,2026-10-19
2026-01-31,1,1017,86,15,110,L260101017,2026-06-07
2026-01-31,1,1018,102,17,73,L260101018,2026-03-04
2026-01-31,1,1019,55,23,121,L260101019,2027-04-13
2026-01-31,1,1020,40,21,81,L260101020,2027-06-04
2026-01-31,1,1021,22,13,55,L260101021,2026-03-06
2026-01-31,1,1022,34,21,65,L260101022,2026-07-11
2026-01-31,1,1023,40,20,82,L260101023,2027-05-04
2026-01-31,1,1024,37,16,82,L260101024,2026-03-23
2026-01-31,1,1025,62,15,103,L260101025,2027-04-03
2026-01-31,1,1026,41,16,95,L260101026,2027-06-03
2026-01-31,1,1027,84,17,74,L260101027,2026-12-19
2026-01-31,1,1028,63,12,95,L260101028,2027-05-01
2026-01-31,1,1029,13,11,108,L260101029,2027-01-28
2026-01-31,1,1030,85,20,114,L260101030,2026-08-07
2026-01-31,1,1031,41,21,82,L260101031,2026-04-05
2026-01-31,1,1032,33,12,78,L260101032,2027-04-18
2026-01-31,1,1033,54,20,56,L260101033,2026-03-09
2026-01-31,1,1034,28,13,71,L260101034,2026-08-01
2026-01-31,1,1035,45,11,74,L260101035,2026-12-27
2026-01-31,1,1036,70,19,55,L260101036,2027-03-08
2026-01-31,1,1037,0,19,114,L260101037,2026-12-15
2026-01-31,1,1038,50,17,104,L260101038,2027-02-05
2026-01-31,1,1039,10,25,77,L260101039,2026-10-30
2026-01-31,1,1040,67,21,58,L260101040,2026-03-03
2026-01-31,1,1041,94,10,84,L260101041,2027-06-15
2026-01-31,1,1042,44,20,67,L260101042,2026-05-15
2026-01-31,1,1043,35,15,55,L260101043,2027-05-05
2026-01-31,1,1044,79,21,112,L260101044,2026-07-27
2026-01-31,1,1045,4,8,44,L260101045,2026-10-09
2026-01-31,1,1046,53,11,75,L260101046,2026-10-24
2026-01-31,1,1047,44,19,78,L260101047,2027-01-13
2026-01-31,1,1048,59,25,70,L260101048,2026-04-05
2026-01-31,1,1049,48,25,93,L260101049,2027-05-02
2026-01-31,1,1050,28,9,70,L260101050,2026-06-16
2026-01-31,1,1051,0,22,112,L260101051,2026-07-14
2026-01-31,1,1052,73,19,101,L260101052,2027-01-10
2026-01-31,1,1053,66,10,101,L260101053,2026-05-22
2026-01-31,1,1054,80,20,108,L260101054,2026-10-07
2026-01-31,1,1055,54,25,73,L260101055,2026-03-27
2026-01-31,1,1056,24,20,65,L260101056,2026-06-10
2026-01-31,1,1057,58,14,101,L260101057,2026-10-23
2026-01-31,1,1058,19,9,95,L260101058,2026-07-17
2026-01-31,1,1059,32,14,111,L260101059,2026-04-11
2026-01-31,1,1060,60,12,58,L260101060,2026-05-27
2026-01-31,1,1061,30,17,86,L260101061,2026-12-30
2026-01-31,1,1062,18,19,49,L260101062,2026-07-14
2026-01-31,1,1063,76,24,123,L260101063,2026-05-04
2026-01-31,1,1064,95,22,116,L260101064,2026-07-22
2026-01-31,1,1065,70,15,63,L260101065,2026-07-13
2026-01-31,1,1066,71,12,106,L260101066,2026-12-08
2026-01-31,1,1067,35,25,55,L260101067,2027-02-16
2026-01-31,1,1068,51,10,67,L260101068,2026-06-23
2026-01-31,1,1069,95,16,98,L260101069,2026-09-17
2026-01-31,1,1070,92,15,108,L260101070,2027-05-15
2026-01-31,1,1071,36,11,45,L260101071,2026-03-09
2026-01-31,1,1072,78,22,120,L260101072,2027-04-09
2026-01-31,1,1073,80,18,64,L260101073,2027-04-01
2026-01-31,1,1074,26,20,104,L260101074,2026-08-14
2026-01-31,1,1075,79,25,89,L260101075,2026-04-15
2026-01-31,1,1076,42,12,103,L260101076,2026-06-24
2026-01-31,1,1077,51,22,98,L260101077,2026-10-09
2026-01-31,1,1078,13,11,94,L260101078,2026-12-26
2026-01-31,1,1079,116,23,118,L260101079,2026-12-01
2026-01-31,1,1080,66,12,77,L260101080,2026-10-16
2026-01-31,2,1001,25,14,79,L260102001,2026-06-16
2026-01-31,2,1002,49,16,85,L260102002,2027-01-31
2026-01-31,2,1003,9,10,75,L260102003,2027-01-22
2026-01-31,2,1004,28,14,81,L260102004,2026-05-20
2026-01-31,2,1005,39,9,79,L260102005,2027-05-18
2026-01-31,2,1006,59,10,94,L260102006,2027-01-02
2026-01-31,2,1007,56,9,88,L260102007,2026-08-18
2026-01-31,2,1008,94,22,100,L260102008,2026-06-23
2026-01-31,2,1009,48,20,74,L260102009,2026-07-25
2026-01-31,2,1010,56,11,65,L260102010,2026-06-14
2026-01-31,2,1011,40,25,85,L260102011,2026-10-15
2026-01-31,2,1012,59,25,89,L260102012,2026-12-16
2026-01-31,2,1013,84,15,113,L260102013,2026-07-01
2026-01-31,2,1014,54,14,99,L260102014,2026-04-07
2026-01-31,2,1015,62,22,94,L260102015,2027-02-20
2026-01-31,2,1016,27,11,55,L260102016,2027-05-03
2026-01-31,2,1017,55,23,70,L260102017,2026-04-17
2026-01-31,2,1018,54,14,105,L260102018,2026-08-17
2026-01-31,2,1019,58,13,51,L260102019,2026-09-21
2026-01-31,2,1020,56,22,84,L260102020,2027-04-11
2026-01-31,2,1021,73,9,57,L260102021,2026-08-19
2026-01-31,2,1022,80,25,89,L260102022,2026-05-07
2026-01-31,2,1023,38,13,54,L260102023,2027-02-18
2026-01-31,2,1024,46,15,76,L260102024,2026-03-20
2026-01-31,2,1025,59,11,52,L260102025,2026-05-23
2026-01-31,2,1026,32,15,83,L260102026,2026-05-05
2026-01-31,2,1027,23,14,58,L260102027,2027-06-03
2026-01-31,2,1028,68,22,78,L260102028,2027-02-01
2026-01-31,2,1029,22,14,54,L260102029,2026-07-01
2026-01-31,2,1030,56,16,95,L260102030,2027-05-18
2026-01-31,2,1031,70,10,94,L260102031,2026-07-17
2026-01-31,2,1032,35,9,104,L260102032,2026-04-11
2026-01-31,2,1033,70,9,100,L260102033,2026-10-20
2026-01-31,2,1034,30,19,65,L260102034,2026-07-11
2026-01-31,2,1035,49,11,87,L260102035,2026-03-04
2026-01-31,2,1036,76,15,108,L260102036,2027-06-12
2026-01-31,2,1037,32,10,48,L260102037,2026-12-26
2026-01-31,2,1038,60,22,75,L260102038,2026-09-25
2026-01-31,2,1039,33,16,77,L260102039,2027-02-17
2026-01-31,2,1040,19,22,59,L260102040,2026-12-12
2026-01-31,2,1041,77,12,92,L260102041,2027-03-29
2026-01-31,2,1042,37,10,87,L260102042,2027-05-10
2026-01-31,2,1043,47,15,85,L260102043,2026-12-14
2026-01-31,2,1044,79,16,112,L260102044,2027-03-19
2026-01-31,2,1045,42,9,103,L260102045,2026-09-28
2026-01-31,2,1046,67,24,86,L260102046,2027-04-22
2026-01-31,2,1047,91,13,105,L260102047,2026-09-09
2026-01-31,2,1048,79,20,112,L260102048,2027-05-19
2026-01-31,2,1049,53,15,104,L260102049,2026-07-28
2026-01-31,2,1050,0,17,64,L260102050,2026-09-10
2026-01-31,2,1051,94,24,99,L260102051,2027-03-18
2026-01-31,2,1052,34,15,110,L260102052,2027-03-08
2026-01-31,2,1053,1,9,88,L260102053,2026-12-28
2026-01-31,2,1054,59,25,103,L260102054,2026-07-26
2026-01-31,2,1055,40,11,74,L260102055,2027-03-23
2026-01-31,2,1056,0,9,48,L260102056,2027-06-08
2026-01-31,2,1057,74,12,103,L260102057,2026-10-13
2026-01-31,2,1058,72,17,108,L260102058,2026-11-21
2026-01-31,2,1059,72,21,105,L260102059,2026-12-07
2026-01-31,2,1060,44,22,77,L260102060,2026-10-28
2026-01-31,2,1061,55,23,109,L260102061,2026-07-08
2026-01-31,2,1062,49,21,95,L260102062,2026-11-04
2026-01-31,2,1063,49,10,70,L260102063,2027-02-26
2026-01-31,2,1064,51,20,96,L260102064,2026-10-01
2026-01-31,2,1065,73,21,115,L260102065,2026-05-29
2026-01-31,2,1066,96,17,98,L260102066,2026-05-08
2026-01-31,2,1067,44,18,71,L260102067,2026-08-27
2026-01-31,2,1068,52,19,114,L260102068,2026-12-11
2026-01-31,2,1069,100,25,101,L260102069,2026-10-13
2026-01-31,2,1070,47,22,60,L260102070,2026-06-06
2026-01-31,2,1071,26,20,61,L260102071,2027-02-04
2026-01-31,2,1072,21,15,72,L260102072,2026-08-09
2026-01-31,2,1073,9,10,78,L260102073,2026-04-01
2026-01-31,2,1074,27,16,96,L260102074,2027-01-25
2026-01-31,2,1075,36,13,79,L260102075,2026-08-31
2026-01-31,2,1076,48,18,74,L260102076,2026-11-01
2026-01-31,2,1077,13,14,73,L260102077,2027-01-28
2026-01-31,2,1078,34,16,102,L260102078,2026-04-15
2026-01-31,2,1079,61,15,105,L260102079,2026-10-19
2026-01-31,2,1080,36,22,71,L260102080,2027-01-23
2026-01-31,3,1001,47,22,86,L260103001,2026-10-23
2026-01-31,3,1002,43,17,115,L260103002,2026-04-26
2026-01-31,3,1003,35,18,80,L260103003,2027-03-06
2026-01-31,3,1004,71,10,107,L260103004,2026-10-06
2026-01-31,3,1005,46,20,77,L260103005,2026-11-14
2026-01-31,3,1006,0,13,60,L260103006,2026-07-28
2026-01-31,3,1007,16,13,45,L260103007,2027-02-26
2026-01-31,3,1008,32,16,69,L260103008,2026-09-10
2026-01-31,3,1009,57,8,60,L260103009,2026-12-29
2026-01-31,3,1010,37,16,60,L260103010,2026-09-20
2026-01-31,3,1011,48,16,88,L260103011,2026-12-09
2026-01-31,3,1012,35,22,66,L260103012,2026-07-25
2026-01-31,3,1013,45,8,106,L260103013,2026-11-25
2026-01-31,3,1014,21,8,57,L260103014,2026-12-17
2026-01-31,3,1015,0,23,78,L260103015,2026-08-28
2026-01-31,3,1016,44,10,94,L260103016,2027-04-16
2026-01-31,3,1017,67,24,106,L260103017,2027-05-23
2026-01-31,3,1018,14,8,43,L260103018,2027-01-12
2026-01-31,3,1019,99,19,118,L260103019,2026-12-19
2026-01-31,3,1020,0,9,64,L260103020,2026-09-24
2026-01-31,3,1021,39,15,49,L260103021,2026-04-25
2026-01-31,3,1022,52,21,91,L260103022,2027-01-25
2026-01-31,3,1023,25,21,85,L260103023,2026-12-16
2026-01-31,3,1024,78,14,101,L260103024,2027-03-08
2026-01-31,3,1025,49,17,47,L260103025,2026-07-27
2026-01-31,3,1026,69,12,91,L260103026,2026-06-19
2026-01-31,3,1027,6,16,48,L260103027,2027-01-22
2026-01-31,3,1028,5,12,53,L260103028,2026-10-20
2026-01-31,3,1029,68,8,71,L260103029,2026-04-06
2026-01-31,3,1030,47,10,56,L260103030,2026-03-16
2026-01-31,3,1031,20,15,54,L260103031,2027-03-22
2026-01-31,3,1032,22,19,86,L260103032,2027-02-12
2026-01-31,3,1033,0,9,66,L260103033,2026-08-30
2026-01-31,3,1034,46,16,69,L260103034,2027-02-09
2026-01-31,3,1035,58,15,84,L260103035,2026-08-05
2026-01-31,3,1036,28,9,105,L260103036,2026-04-01
2026-01-31,3,1037,84,14,79,L260103037,2026-08-21
2026-01-31,3,1038,80,20,119,L260103038,2026-10-16
2026-01-31,3,1039,68,25,124,L260103039,2026-04-10
2026-01-31,3,1040,0,21,119,L260103040,2027-03-08
2026-01-31,3,1041,15,13,74,L260103041,2026-12-19
2026-01-31,3,1042,28,20,59,L260103042,2026-06-04
2026-01-31,3,1043,79,20,88,L260103043,2026-09-13
2026-01-31,3,1044,52,14,83,L260103044,2026-08-10
2026-01-31,3,1045,24,9,86,L260103045,2026-03-12
2026-01-31,3,1046,4,16,55,L260103046,2026-06-29
2026-01-31,3,1047,49,20,120,L260103047,2027-02-06
2026-01-31,3,1048,45,13,72,L260103048,2027-01-18
2026-01-31,3,1049,52,23,113,L260103049,2027-03-15
2026-01-31,3,1050,61,11,105,L260103050,2027-01-28
2026-01-31,3,1051,30,12,78,L260103051,2027-03-05
2026-01-31,3,1052,72,25,108,L260103052,2027-01-14
2026-01-31,3,1053,36,15,96,L260103053,2026-08-15
2026-01-31,3,1054,46,12,89,L260103054,2026-11-17
2026-01-31,3,1055,24,8,42,L260103055,2027-01-31
2026-01-31,3,1056,76,14,103,L260103056,2026-06-26
2026-01-31,3,1057,29,12,97,L260103057,2026-08-20
2026-01-31,3,1058,84,25,91,L260103058,2026-10-27
2026-01-31,3,1059,12,13,68,L260103059,2026-06-06
2026-01-31,3,1060,82,21,80,L260103060,2026-06-19
2026-01-31,3,1061,11,20,74,L260103061,2026-09-04
2026-01-31,3,1062,55,12,103,L260103062,2026-12-27
2026-01-31,3,1063,36,24,87,L260103063,2026-07-15
2026-01-31,3,1064,4,23,55,L260103064,2026-10-11
2026-01-31,3,1065,28,9,56,L260103065,2026-07-19
2026-01-31,3,1066,48,14,81,L260103066,2027-04-19
2026-01-31,3,1067,74,24,107,L260103067,2026-12-11
2026-01-31,3,1068,53,23,99,L260103068,2026-09-21
2026-01-31,3,1069,30,20,109,L260103069,2026-03-29
2026-01-31,3,1070,56,25,68,L260103070,2026-06-18
2026-01-31,3,1071,23,14,76,L260103071,2026-12-24
2026-01-31,3,1072,52,12,107,L260103072,2026-05-22
2026-01-31,3,1073,56,22,64,L260103073,2026-06-19
2026-01-31,3,1074,60,21,118,L260103074,2026-10-16
2026-01-31,3,1075,66,17,73,L260103075,2027-01-09
2026-01-31,3,1076,46,8,91,L260103076,2026-05-02
2026-01-31,3,1077,39,18,89,L260103077,2026-11-09
2026-01-31,3,1078,80,13,109,L260103078,2027-03-20
2026-01-31,3,1079,48,8,86,L260103079,2027-06-06
2026-01-31,3,1080,33,20,62,L260103080,2027-05-31
2026-01-31,4,1001,46,25,95,L260104001,2026-12-13
2026-01-31,4,1002,51,25,93,L260104002,2027-01-10
2026-01-31,4,1003,66,24,65,L260104003,2026-08-13
2026-01-31,4,1004,38,8,65,L260104004,2027-03-28
2026-01-31,4,1005,66,16,53,L260104005,2026-04-24
2026-01-31,4,1006,46,19,109,L260104006,2026-12-03
2026-01-31,4,1007,0,21,71,L260104007,2027-03-19
2026-01-31,4,1008,46,24,82,L260104008,2026-10-07
2026-01-31,4,1009,26,11,54,L260104009,2027-01-16
2026-01-31,4,1010,52,13,75,L260104010,2026-11-03
2026-01-31,4,1011,53,20,69,L260104011,2027-02-25
2026-01-31,4,1012,62,12,84,L260104012,2027-03-28
2026-01-31,4,1013,93,20,112,L260104013,2026-08-23
2026-01-31,4,1014,54,13,51,L260104014,2026-06-25
2026-01-31,4,1015,0,12,55,L260104015,2026-03-07
2026-01-31,4,1016,38,14,51,L260104016,2026-07-15
2026-01-31,4,1017,33,13,79,L260104017,2027-04-11
2026-01-31,4,1018,60,12,78,L260104018,2026-04-09
2026-01-31,4,1019,38,8,84,L260104019,2026-10-05
2026-01-31,4,1020,7,21,54,L260104020,2027-05-17
2026-01-31,4,1021,63,19,118,L260104021,2027-03-25
2026-01-31,4,1022,55,11,102,L260104022,2026-04-16
2026-01-31,4,1023,41,19,71,L260104023,2026-11-15
2026-01-31,4,1024,11,15,68,L260104024,2027-05-08
2026-01-31,4,1025,35,17,102,L260104025,2026-06-10
2026-01-31,4,1026,78,21,66,L260104026,2026-03-12
2026-01-31,4,1027,33,18,88,L260104027,2026-10-01
2026-01-31,4,1028,37,9,88,L260104028,2027-02-20
2026-01-31,4,1029,115,22,118,L260104029,2026-03-13
2026-01-31,4,1030,47,11,73,L260104030,2026-10-16
2026-01-31,4,1031,73,22,89,L260104031,2026-06-01
2026-01-31,4,1032,86,9,107,L260104032,2026-10-04
2026-01-31,4,1033,50,25,67,L260104033,2027-05-01
2026-01-31,4,1034,25,12,46,L260104034,2027-04-09
2026-01-31,4,1035,73,10,100,L260104035,2027-06-01
2026-01-31,4,1036,7,8,79,L260104036,2026-04-13
2026-01-31,4,1037,80,18,114,L260104037,2026-05-31
2026-01-31,4,1038,73,21,111,L260104038,2027-01-12
2026-01-31,4,1039,75,24,110,L260104039,2026-09-04
2026-01-31,4,1040,57,19,119,L260104040,2026-10-18
2026-01-31,4,1041,47,21,102,L260104041,2027-01-01
2026-01-31,4,1042,13,25,72,L260104042,2026-12-30
2026-01-31,4,1043,36,13,79,L260104043,2026-07-01
2026-01-31,4,1044,86,24,111,L260104044,2026-08-24
2026-01-31,4,1045,13,15,53,L260104045,2026-05-20
2026-01-31,4,1046,39,9,79,L260104046,2027-02-18
2026-01-31,4,1047,27,18,50,L260104047,2026-04-29
2026-01-31,4,1048,0,15,66,L260104048,2026-04-29
2026-01-31,4,1049,50,21,70,L260104049,2027-03-13
2026-01-31,4,1050,0,18,112,L260104050,2027-02-05
2026-01-31,4,1051,63,22,62,L260104051,2027-03-23
2026-01-31,4,1052,39,13,67,L260104052,2027-02-10
2026-01-31,4,1053,60,15,96,L260104053,2026-06-06
2026-01-31,4,1054,29,18,114,L260104054,2027-05-02
2026-01-31,4,1055,88,12,95,L260104055,2026-07-12
2026-01-31,4,1056,86,25,116,L260104056,2026-06-15
2026-01-31,4,1057,60,9,89,L260104057,2026-11-08
2026-01-31,4,1058,26,18,62,L260104058,2026-03-04
2026-01-31,4,1059,14,12,54,L260104059,2027-02-03
2026-01-31,4,1060,64,24,62,L260104060,2027-05-27
2026-01-31,4,1061,66,19,90,L260104061,2026-07-07
2026-01-31,4,1062,50,21,106,L260104062,2026-11-17
2026-01-31,4,1063,41,14,77,L260104063,2026-08-03
2026-01-31,4,1064,61,21,76,L260104064,2027-01-22
2026-01-31,4,1065,44,10,80,L260104065,2026-06-11
2026-01-31,4,1066,94,21,109,L260104066,2026-07-13
2026-01-31,4,1067,83,24,111,L260104067,2027-05-08
2026-01-31,4,1068,84,22,116,L260104068,2026-09-27
2026-01-31,4,1069,56,19,88,L260104069,2027-05-07
2026-01-31,4,1070,76,24,109,L260104070,2026-10-18
2026-01-31,4,1071,67,17,85,L260104071,2026-09-25
2026-01-31,4,1072,38,8,42,L260104072,2026-04-16
2026-01-31,4,1073,65,20,73,L260104073,2026-10-06
2026-01-31,4,1074,53,25,70,L260104074,2027-03-31
2026-01-31,4,1075,88,25,67,L260104075,2026-10-06
2026-01-31,4,1076,85,23,79,L260104076,2027-03-19
2026-01-31,4,1077,68,23,98,L260104077,2026-06-01
2026-01-31,4,1078,80,13,61,L260104078,2026-04-11
2026-01-31,4,1079,32,20,83,L260104079,2027-05-15
2026-01-31,4,1080,73,15,64,L260104080,2026-03-16
2026-01-31,5,1001,63,18,77,L260105001,2027-05-04
2026-01-31,5,1002,27,21,79,L260105002,2026-11-28
2026-01-31,5,1003,78,18,112,L260105003,2027-02-08
2026-01-31,5,1004,50,10,73,L260105004,2026-07-29
2026-01-31,5,1005,44,23,59,L260105005,2027-04-25
2026-01-31,5,1006,83,16,84,L260105006,2027-02-18
2026-01-31,5,1007,28,14,82,L260105007,2027-02-27
2026-01-31,5,1008,51,11,60,L260105008,2026-08-07
2026-01-31,5,1009,26,13,53,L260105009,2026-07-31
2026-01-31,5,1010,0,16,77,L260105010,2026-05-16
2026-01-31,5,1011,36,20,65,L260105011,2026-07-24
2026-01-31,5,1012,71,17,98,L260105012,2026-10-27
2026-01-31,5,1013,34,20,102,L260105013,2026-10-29
2026-01-31,5,1014,72,9,76,L260105014,2027-04-28
2026-01-31,5,1015,88,15,83,L260105015,2026-06-08
2026-01-31,5,1016,36,16,68,L260105016,2027-04-29
2026-01-31,5,1017,62,19,110,L260105017,2026-09-16
2026-01-31,5,1018,46,24,75,L260105018,2027-06-06
2026-01-31,5,1019,12,16,54,L260105019,2026-03-14
2026-01-31,5,1020,45,18,113,L260105020,2027-01-25
2026-01-31,5,1021,82,21,75,L260105021,2026-05-13
2026-01-31,5,1022,35,10,96,L260105022,2027-03-20
2026-01-31,5,1023,42,18,50,L260105023,2026-04-02
2026-01-31,5,1024,44,14,103,L260105024,2026-12-30
2026-01-31,5,1025,30,21,69,L260105025,2026-06-27
2026-01-31,5,1026,57,24,105,L260105026,2026-08-19
2026-01-31,5,1027,62,22,99,L260105027,2026-03-05
2026-01-31,5,1028,45,21,52,L260105028,2026-08-01
2026-01-31,5,1029,75,18,91,L260105029,2026-11-20
2026-01-31,5,1030,86,18,108,L260105030,2026-11-25
2026-01-31,5,1031,61,12,62,L260105031,2026-09-05
2026-01-31,5,1032,37,18,49,L260105032,2026-11-07
2026-01-31,5,1033,50,13,78,L260105033,2026-12-20
2026-01-31,5,1034,51,24,61,L260105034,2026-05-14
2026-01-31,5,1035,76,25,92,L260105035,2027-04-22
2026-01-31,5,1036,57,9,101,L260105036,2026-10-07
2026-01-31,5,1037,53,16,60,L260105037,2027-05-19
2026-01-31,5,1038,49,11,87,L260105038,2026-03-21
2026-01-31,5,1039,1,11,43,L260105039,2026-11-24
2026-01-31,5,1040,15,15,76,L260105040,2026-09-30
2026-01-31,5,1041,55,8,77,L260105041,2027-04-16
2026-01-31,5,1042,51,15,77,L260105042,2026-04-27
2026-01-31,5,1043,72,20,104,L260105043,2026-12-08
2026-01-31,5,1044,74,17,110,L260105044,2026-10-17
2026-01-31,5,1045,50,14,90,L260105045,2026-12-24
2026-01-31,5,1046,32,11,89,L260105046,2027-02-24
2026-01-31,5,1047,63,24,95,L260105047,2027-01-16
2026-01-31,5,1048,53,21,95,L260105048,2026-05-16
2026-01-31,5,1049,0,17,104,L260105049,2027-04-30
2026-01-31,5,1050,47,23,86,L260105050,2027-04-20
2026-01-31,5,1051,49,11,56,L260105051,2027-02-28
2026-01-31,5,1052,55,15,92,L260105052,2026-05-03
2026-01-31,5,1053,53,25,90,L260105053,2027-02-28
2026-01-31,5,1054,92,22,97,L260105054,2027-01-17
2026-01-31,5,1055,55,21,74,L260105055,2027-03-25
2026-01-31,5,1056,58,17,65,L260105056,2027-05-28
2026-01-31,5,1057,52,24,114,L260105057,2026-09-05
2026-01-31,5,1058,37,17,65,L260105058,2026-09-01
2026-01-31,5,1059,29,18,99,L260105059,2027-06-03
2026-01-31,5,1060,29,18,71,L260105060,2026-03-23
2026-01-31,5,1061,41,17,50,L260105061,2027-02-15
2026-01-31,5,1062,73,24,87,L260105062,2026-05-23
2026-01-31,5,1063,65,21,58,L260105063,2026-06-01
2026-01-31,5,1064,92,25,102,L260105064,2026-04-20
2026-01-31,5,1065,65,25,80,L260105065,2026-11-20
2026-01-31,5,1066,87,24,76,L260105066,2026-06-03
2026-01-31,5,1067,27,23,70,L260105067,2026-08-22
2026-01-31,5,1068,45,10,110,L260105068,2026-04-21
2026-01-31,5,1069,28,22,62,L260105069,2026-03-22
2026-01-31,5,1070,47,22,106,L260105070,2027-05-13
2026-01-31,5,1071,46,25,119,L260105071,2027-04-01
2026-01-31,5,1072,36,12,49,L260105072,2026-12-07
2026-01-31,5,1073,52,19,105,L260105073,2026-04-07
2026-01-31,5,1074,28,18,92,L260105074,2026-09-05
2026-01-31,5,1075,46,14,67,L260105075,2027-05-30
2026-01-31,5,1076,7,12,44,L260105076,2027-01-31
2026-01-31,5,1077,6,15,81,L260105077,2026-11-24
2026-01-31,5,1078,19,12,59,L260105078,2026-04-21
2026-01-31,5,1079,50,21,111,L260105079,2026-03-21
2026-01-31,5,1080,90,25,96,L260105080,2026-08-04
2026-01-31,6,1001,35,8,68,L260106001,2026-09-08
2026-01-31,6,1002,45,13,82,L260106002,2027-04-24
2026-01-31,6,1003,74,16,112,L260106003,2026-03-22
2026-01-31,6,1004,0,16,59,L260106004,2026-06-30
2026-01-31,6,1005,0,8,81,L260106005,2026-05-13
2026-01-31,6,1006,47,24,86,L260106006,2026-03-27
2026-01-31,6,1007,33,20,69,L260106007,2026-03-15
2026-01-31,6,1008,49,17,54,L260106008,2027-04-06
2026-01-31,6,1009,53,19,80,L260106009,2027-02-21
2026-01-31,6,1010,48,14,77,L260106010,2026-12-27
2026-01-31,6,1011,37,15,82,L260106011,2026-05-25
2026-01-31,6,1012,55,24,113,L260106012,2026-07-12
2026-01-31,6,1013,27,9,80,L260106013,2027-03-02
2026-01-31,6,1014,40,25,56,L260106014,2026-07-21
2026-01-31,6,1015,56,24,100,L260106015,2026-10-03
2026-01-31,6,1016,49,21,110,L260106016,2027-02-07
2026-01-31,6,1017,55,25,125,L260106017,2027-06-12
2026-01-31,6,1018,34,10,66,L260106018,2027-02-16
2026-01-31,6,1019,39,20,98,L260106019,2026-03-19
2026-01-31,6,1020,7,17,103,L260106020,2027-03-13
2026-01-31,6,1021,23,24,79,L260106021,2027-02-04
2026-01-31,6,1022,2,15,77,L260106022,2026-06-29
2026-01-31,6,1023,70,16,73,L260106023,2027-01-01
2026-01-31,6,1024,52,16,110,L260106024,2027-04-04
2026-01-31,6,1025,43,9,91,L260106025,2026-06-25
2026-01-31,6,1026,65,12,106,L260106026,2027-06-05
2026-01-31,6,1027,40,16,55,L260106027,2026-06-15
2026-01-31,6,1028,33,12,58,L260106028,2026-07-28
2026-01-31,6,1029,41,19,69,L260106029,2027-02-20
2026-01-31,6,1030,15,24,71,L260106030,2026-08-30
2026-01-31,6,1031,19,8,64,L260106031,2026-11-09
2026-01-31,6,1032,12,16,63,L260106032,2027-03-14
2026-01-31,6,1033,44,21,51,L260106033,2027-01-15
2026-01-31,6,1034,41,12,57,L260106034,2026-03-02
2026-01-31,6,1035,97,21,119,L260106035,2027-04-07
2026-01-31,6,1036,5,10,56,L260106036,2027-01-14
2026-01-31,6,1037,58,12,109,L260106037,2026-10-19
2026-01-31,6,1038,82,22,59,L260106038,2026-04-10
2026-01-31,6,1039,28,23,70,L260106039,2027-06-01
2026-01-31,6,1040,48,16,70,L260106040,2027-03-07
2026-01-31,6,1041,65,16,94,L260106041,2027-02-18
2026-01-31,6,1042,93,15,106,L260106042,2026-09-16
2026-01-31,6,1043,90,21,108,L260106043,2027-01-20
2026-01-31,6,1044,46,12,54,L260106044,2026-08-06
2026-01-31,6,1045,36,25,105,L260106045,2027-02-10
2026-01-31,6,1046,91,22,86,L260106046,2026-06-08
2026-01-31,6,1047,17,9,92,L260106047,2026-09-27
2026-01-31,6,1048,30,17,56,L260106048,2026-10-31
2026-01-31,6,1049,82,22,107,L260106049,2026-09-23
2026-01-31,6,1050,59,18,98,L260106050,2027-05-13
2026-01-31,6,1051,50,15,112,L260106051,2027-02-05
2026-01-31,6,1052,47,10,59,L260106052,2027-05-24
2026-01-31,6,1053,65,13,109,L260106053,2026-06-23
2026-01-31,6,1054,58,8,80,L260106054,2027-02-26
2026-01-31,6,1055,40,11,84,L260106055,2027-01-05
2026-01-31,6,1056,35,13,69,L260106056,2026-04-10
2026-01-31,6,1057,76,23,118,L260106057,2026-08-30
2026-01-31,6,1058,55,10,108,L260106058,2027-04-20
2026-01-31,6,1059,47,18,83,L260106059,2026-08-11
2026-01-31,6,1060,26,10,70,L260106060,2026-04-01
2026-01-31,6,1061,76,13,71,L260106061,2026-12-27
2026-01-31,6,1062,48,11,99,L260106062,2026-12-21
2026-01-31,6,1063,0,15,71,L260106063,2027-04-03
2026-01-31,6,1064,79,20,105,L260106064,2027-01-22
2026-01-31,6,1065,44,23,95,L260106065,2026-05-03
2026-01-31,6,1066,54,8,98,L260106066,2026-04-26
2026-01-31,6,1067,59,21,88,L260106067,2027-03-13
2026-01-31,6,1068,50,16,103,L260106068,2026-04-01
2026-01-31,6,1069,44,18,65,L260106069,2026-10-04
2026-01-31,6,1070,65,14,86,L260106070,2026-10-28
2026-01-31,6,1071,29,10,90,L260106071,2027-05-09
2026-01-31,6,1072,0,25,70,L260106072,2026-10-25
2026-01-31,6,1073,38,11,45,L260106073,2026-09-23
2026-01-31,6,1074,58,17,79,L260106074,2026-05-18
2026-01-31,6,1075,26,14,58,L260106075,2026-11-13
2026-01-31,6,1076,30,16,71,L260106076,2026-03-23
2026-01-31,6,1077,66,16,116,L260106077,2027-04-08
2026-01-31,6,1078,66,21,64,L260106078,2027-06-05
2026-01-31,6,1079,71,18,79,L260106079,2026-07-21
2026-01-31,6,1080,58,22,89,L260106080,2026-07-30
2026-02-28,1,1001,50,9,68,L260201001,2026-05-25
2026-02-28,1,1002,52,10,91,L260201002,2026-06-07
2026-02-28,1,1003,24,8,74,L260201003,2026-11-28
2026-02-28,1,1004,59,18,52,L260201004,2027-04-21
2026-02-28,1,1005,82,14,110,L260201005,2026-11-20
2026-02-28,1,1006,21,12,47,L260201006,2027-03-14
2026-02-28,1,1007,77,22,111,L260201007,2026-11-17
2026-02-28,1,1008,52,18,85,L260201008,2026-09-12
2026-02-28,1,1009,69,19,108,L260201009,2026-05-08
2026-02-28,1,1010,48,9,98,L260201010,2026-07-03
2026-02-28,1,1011,90,21,119,L260201011,2026-05-26
2026-02-28,1,1012,51,18,94,L260201012,2026-04-26
2026-02-28,1,1013,12,24,83,L260201013,2026-10-09
2026-02-28,1,1014,68,18,100,L260201014,2026-12-29
2026-02-28,1,1015,29,24,93,L260201015,2027-06-24
2026-02-28,1,1016,76,18,116,L260201016,2027-01-19
2026-02-28,1,1017,47,8,63,L260201017,2027-01-19
2026-02-28,1,1018,56,25,58,L260201018,2027-03-09
2026-02-28,1,1019,87,9,93,L260201019,2027-04-21
2026-02-28,1,1020,83,24,80,L260201020,2026-07-17
2026-02-28,1,1021,6,16,47,L260201021,2027-06-14
2026-02-28,1,1022,71,12,94,L260201022,2027-01-01
2026-02-28,1,1023,11,10,52,L260201023,2027-03-22
2026-02-28,1,1024,22,9,103,L260201024,2026-09-17
2026-02-28,1,1025,74,15,79,L260201025,2026-07-06
2026-02-28,1,1026,45,9,109,L260201026,2026-09-06
2026-02-28,1,1027,19,11,79,L260201027,2026-12-14
2026-02-28,1,1028,30,9,109,L260201028,2027-01-22
2026-02-28,1,1029,29,11,52,L260201029,2027-01-07
2026-02-28,1,1030,52,22,85,L260201030,2026-09-28
2026-02-28,1,1031,66,14,83,L260201031,2026-05-07
2026-02-28,1,1032,64,22,105,L260201032,2027-06-03
2026-02-28,1,1033,23,21,58,L260201033,2027-06-07
2026-02-28,1,1034,50,9,75,L260201034,2027-01-14
2026-02-28,1,1035,89,25,111,L260201035,2026-04-11
2026-02-28,1,1036,63,15,71,L260201036,2026-11-23
2026-02-28,1,1037,46,10,70,L260201037,2026-11-16
2026-02-28,1,1038,70,8,107,L260201038,2026-08-31
2026-02-28,1,1039,81,10,69,L260201039,2026-10-12
2026-02-28,1,1040,41,17,113,L260201040,2026-09-30
2026-02-28,1,1041,18,23,83,L260201041,2026-08-01
2026-02-28,1,1042,109,22,118,L260201042,2027-03-12
2026-02-28,1,1043,77,12,93,L260201043,2026-10-29
2026-02-28,1,1044,52,8,93,L260201044,2026-10-23
2026-02-28,1,1045,32,25,108,L260201045,2027-04-21
2026-02-28,1,1046,79,14,97,L260201046,2027-03-23
2026-02-28,1,1047,43,15,99,L260201047,2027-01-28
2026-02-28,1,1048,88,17,117,L260201048,2026-12-18
2026-02-28,1,1049,41,12,45,L260201049,2026-11-06
2026-02-28,1,1050,40,21,70,L260201050,2027-05-09
2026-02-28,1,1051,53,25,81,L260201051,2026-08-14
2026-02-28,1,1052,16,15,78,L260201052,2026-07-16
2026-02-28,1,1053,73,16,107,L260201053,2026-06-17
2026-02-28,1,1054,105,21,65,L260201054,2026-12-17
2026-02-28,1,1055,36,17,66,L260201055,2026-08-04
2026-02-28,1,1056,3,13,59,L260201056,2026-07-22
2026-02-28,1,1057,36,23,63,L260201057,2026-12-05
2026-02-28,1,1058,67,17,115,L260201058,2026-04-08
2026-02-28,1,1059,52,25,94,L260201059,2026-06-03
2026-02-28,1,1060,25,12,46,L260201060,2027-07-11
2026-02-28,1,1061,22,23,69,L260201061,2027-03-25
2026-02-28,1,1062,59,19,77,L260201062,2027-06-19
2026-02-28,1,1063,64,12,80,L260201063,2027-03-20
2026-02-28,1,1064,76,23,106,L260201064,2026-12-30
2026-02-28,1,1065,7,14,59,L260201065,2026-09-03
2026-02-28,1,1066,41,21,90,L260201066,2026-04-28
2026-02-28,1,1067,64,25,55,L260201067,2027-07-08
2026-02-28,1,1068,20,16,67,L260201068,2027-01-31
2026-02-28,1,1069,54,14,71,L260201069,2027-01-14
2026-02-28,1,1070,39,13,49,L260201070,2027-06-20
2026-02-28,1,1071,72,20,95,L260201071,2027-05-11
2026-02-28,1,1072,29,18,87,L260201072,2027-06-01
2026-02-28,1,1073,50,8,75,L260201073,2026-12-21
2026-02-28,1,1074,12,15,54,L260201074,2026-06-01
2026-02-28,1,1075,44,11,99,L260201075,2027-02-12
2026-02-28,1,1076,42,23,90,L260201076,2026-08-06
2026-02-28,1,1077,38,17,48,L260201077,2027-03-15
2026-02-28,1,1078,67,19,111,L260201078,2026-08-02
2026-02-28,1,1079,36,10,42,L260201079,2027-06-27
2026-02-28,1,1080,112,23,120,L260201080,2026-08-27
2026-02-28,2,1001,32,24,105,L260202001,2026-09-21
2026-02-28,2,1002,17,18,51,L260202002,2026-12-27
2026-02-28,2,1003,50,18,85,L260202003,2026-09-03
2026-02-28,2,1004,62,10,107,L260202004,2026-04-03
2026-02-28,2,1005,48,20,105,L260202005,2026-05-27
2026-02-28,2,1006,35,21,95,L260202006,2027-02-26
2026-02-28,2,1007,70,16,101,L260202007,2026-12-14
2026-02-28,2,1008,48,11,42,L260202008,2026-08-18
2026-02-28,2,1009,43,8,59,L260202009,2027-04-10
2026-02-28,2,1010,82,23,89,L260202010,2026-09-08
2026-02-28,2,1011,38,23,79,L260202011,2026-11-12
2026-02-28,2,1012,43,18,93,L260202012,2026-11-28
2026-02-28,2,1013,111,11,101,L260202013,2026-11-03
2026-02-28,2,1014,19,10,40,L260202014,2026-11-14
2026-02-28,2,1015,48,10,106,L260202015,2027-06-21
2026-02-28,2,1016,119,22,120,L260202016,2026-09-27
2026-02-28,2,1017,35,10,79,L260202017,2027-05-07
2026-02-28,2,1018,60,9,70,L260202018,2026-10-11
2026-02-28,2,1019,25,22,78,L260202019,2026-09-20
2026-02-28,2,1020,77,21,103,L260202020,2026-04-28
2026-02-28,2,1021,66,15,83,L260202021,2026-12-01
2026-02-28,2,1022,55,18,59,L260202022,2027-02-27
2026-02-28,2,1023,79,12,72,L260202023,2027-02-25
2026-02-28,2,1024,1,22,60,L260202024,2027-01-06
2026-02-28,2,1025,57,10,97,L260202025,2027-03-06
2026-02-28,2,1026,0,24,64,L260202026,2026-04-19
2026-02-28,2,1027,42,10,75,L260202027,2027-02-18
2026-02-28,2,1028,47,8,58,L260202028,2027-02-17
2026-02-28,2,1029,65,25,57,L260202029,2026-06-10
2026-02-28,2,1030,90,20,111,L260202030,2027-06-12
2026-02-28,2,1031,7,8,69,L260202031,2026-07-06
2026-02-28,2,1032,38,16,75,L260202032,2026-04-18
2026-02-28,2,1033,32,24,64,L260202033,2026-05-25
2026-02-28,2,1034,12,17,67,L260202034,2027-03-25
2026-02-28,2,1035,49,15,74,L260202035,2027-01-31
2026-02-28,2,1036,29,16,61,L260202036,2026-10-09
2026-02-28,2,1037,45,8,91,L260202037,2027-06-28
2026-02-28,2,1038,31,10,51,L260202038,2027-06-02
2026-02-28,2,1039,70,20,86,L260202039,2026-08-09
2026-02-28,2,1040,59,24,93,L260202040,2027-06-27
2026-02-28,2,1041,28,13,64,L260202041,2027-03-23
2026-02-28,2,1042,40,10,73,L260202042,2026-07-11
2026-02-28,2,1043,11,15,50,L260202043,2026-09-04
2026-02-28,2,1044,83,22,71,L260202044,2027-01-03
2026-02-28,2,1045,68,12,100,L260202045,2026-12-03
2026-02-28,2,1046,66,21,109,L260202046,2026-11-22
2026-02-28,2,1047,40,25,65,L260202047,2026-10-13
2026-02-28,2,1048,41,21,119,L260202048,2026-06-18
2026-02-28,2,1049,38,21,97,L260202049,2026-08-19
2026-02-28,2,1050,73,21,81,L260202050,2026-11-24
2026-02-28,2,1051,67,17,109,L260202051,2026-06-07
2026-02-28,2,1052,14,13,62,L260202052,2027-02-14
2026-02-28,2,1053,41,11,104,L260202053,2027-01-08
2026-02-28,2,1054,0,16,53,L260202054,2026-09-04
2026-02-28,2,1055,17,19,93,L260202055,2027-04-28
2026-02-28,2,1056,47,10,81,L260202056,2026-07-24
2026-02-28,2,1057,51,21,84,L260202057,2026-07-23
2026-02-28,2,1058,39,15,61,L260202058,2027-05-12
2026-02-28,2,1059,70,24,85,L260202059,2026-04-08
2026-02-28,2,1060,56,19,89,L260202060,2026-10-19
2026-02-28,2,1061,7,25,92,L260202061,2026-12-03
2026-02-28,2,1062,27,12,44,L260202062,2027-05-10
2026-02-28,2,1063,46,15,86,L260202063,2026-11-06
2026-02-28,2,1064,28,22,78,L260202064,2026-07-25
2026-02-28,2,1065,20,11,52,L260202065,2026-09-23
2026-02-28,2,1066,51,11,81,L260202066,2027-01-28
2026-02-28,2,1067,36,15,80,L260202067,2026-08-12
2026-02-28,2,1068,46,19,117,L260202068,2026-11-02
2026-02-28,2,1069,24,14,68,L260202069,2026-06-10
2026-02-28,2,1070,20,8,77,L260202070,2027-03-12
2026-02-28,2,1071,113,20,100,L260202071,2027-06-12
2026-02-28,2,1072,56,25,76,L260202072,2026-12-11
2026-02-28,2,1073,72,20,90,L260202073,2027-01-21
2026-02-28,2,1074,75,24,99,L260202074,2026-07-14
2026-02-28,2,1075,68,14,99,L260202075,2026-06-10
2026-02-28,2,1076,54,22,76,L260202076,2026-04-29
2026-02-28,2,1077,4,17,55,L260202077,2026-04-14
2026-02-28,2,1078,101,25,94,L260202078,2026-06-12
2026-02-28,2,1079,46,12,78,L260202079,2026-11-05
2026-02-28,2,1080,78,22,119,L260202080,2027-06-24
2026-02-28,3,1001,68,15,83,L260203001,2026-11-20
2026-02-28,3,1002,36,8,38,L260203002,2026-12-01
2026-02-28,3,1003,42,15,49,L260203003,2026-06-08
2026-02-28,3,1004,37,11,52,L260203004,2026-05-02
2026-02-28,3,1005,72,25,73,L260203005,2026-06-22
2026-02-28,3,1006,20,15,114,L260203006,2026-05-09
2026-02-28,3,1007,64,19,82,L260203007,2027-07-05
2026-02-28,3,1008,39,14,104,L260203008,2026-07-30
2026-02-28,3,1009,37,19,115,L260203009,2026-11-11
2026-02-28,3,1010,34,10,53,L260203010,2027-02-08
2026-02-28,3,1011,79,16,108,L260203011,2026-10-20
2026-02-28,3,1012,32,16,63,L260203012,2027-04-06
2026-02-28,3,1013,54,8,66,L260203013,2026-11-24
2026-02-28,3,1014,65,24,84,L260203014,2027-01-30
2026-02-28,3,1015,77,10,87,L260203015,2026-04-28
2026-02-28,3,1016,20,16,77,L260203016,2026-07-28
2026-02-28,3,1017,70,12,88,L260203017,2026-10-07
2026-02-28,3,1018,58,22,114,L260203018,2026-10-12
2026-02-28,3,1019,47,21,61,L260203019,2027-05-17
2026-02-28,3,1020,38,25,80,L260203020,2026-07-02
2026-02-28,3,1021,70,11,109,L260203021,2027-01-01
2026-02-28,3,1022,18,9,58,L260203022,2027-03-15
2026-02-28,3,1023,42,20,82,L260203023,2026-07-11
2026-02-28,3,1024,29,16,66,L260203024,2027-01-13
2026-02-28,3,1025,77,25,115,L260203025,2027-03-14
2026-02-28,3,1026,73,23,111,L260203026,2027-01-04
2026-02-28,3,1027,69,22,77,L260203027,2026-07-10
2026-02-28,3,1028,43,19,118,L260203028,2027-04-22
2026-02-28,3,1029,40,25,75,L260203029,2027-06-12
2026-02-28,3,1030,0,14,102,L260203030,2026-12-02
2026-02-28,3,1031,54,11,111,L260203031,2027-02-05
2026-02-28,3,1032,33,10,56,L260203032,2027-02-09
2026-02-28,3,1033,83,21,119,L260203033,2027-04-10
2026-02-28,3,1034,54,15,86,L260203034,2026-10-27
2026-02-28,3,1035,81,18,102,L260203035,2026-11-16
2026-02-28,3,1036,0,8,86,L260203036,2027-03-20
2026-02-28,3,1037,60,22,89,L260203037,2026-07-19
2026-02-28,3,1038,15,24,72,L260203038,2027-03-10
2026-02-28,3,1039,72,16,103,L260203039,2026-04-29
2026-02-28,3,1040,30,14,78,L260203040,2026-10-21
2026-02-28,3,1041,30,23,82,L260203041,2026-12-30
2026-02-28,3,1042,22,11,85,L260203042,2026-12-15
2026-02-28,3,1043,51,23,82,L260203043,2027-03-03
2026-02-28,3,1044,27,14,47,L260203044,2026-09-10
2026-02-28,3,1045,17,18,81,L260203045,2026-11-12
2026-02-28,3,1046,37,25,77,L260203046,2027-05-05
2026-02-28,3,1047,36,15,73,L260203047,2026-09-10
2026-02-28,3,1048,29,19,65,L260203048,2027-01-11
2026-02-28,3,1049,44,12,50,L260203049,2026-04-11
2026-02-28,3,1050,70,8,100,L260203050,2026-05-07
2026-02-28,3,1051,70,17,68,L260203051,2026-04-27
2026-02-28,3,1052,82,21,71,L260203052,2027-02-07
2026-02-28,3,1053,51,14,97,L260203053,2026-04-23
2026-02-28,3,1054,32,15,82,L260203054,2026-08-08
2026-02-28,3,1055,59,21,91,L260203055,2026-10-25
2026-02-28,3,1056,54,17,83,L260203056,2026-12-24
2026-02-28,3,1057,19,8,74,L260203057,2026-09-24
2026-02-28,3,1058,49,16,50,L260203058,2026-08-30
2026-02-28,3,1059,57,10,94,L260203059,2026-05-29
2026-02-28,3,1060,73,23,55,L260203060,2026-08-24
2026-02-28,3,1061,53,16,82,L260203061,2027-02-13
2026-02-28,3,1062,43,8,59,L260203062,2026-08-31
2026-02-28,3,1063,14,8,46,L260203063,2026-12-12
2026-02-28,3,1064,45,21,69,L260203064,2026-12-02
2026-02-28,3,1065,61,15,106,L260203065,2026-12-25
2026-02-28,3,1066,32,17,53,L260203066,2027-06-21
2026-02-28,3,1067,39,25,119,L260203067,2027-02-19
2026-02-28,3,1068,57,18,86,L260203068,2026-05-04
2026-02-28,3,1069,48,10,74,L260203069,2027-06-07
2026-02-28,3,1070,58,18,49,L260203070,2026-06-07
2026-02-28,3,1071,93,17,72,L260203071,2027-07-10
2026-02-28,3,1072,44,15,87,L260203072,2026-07-28
2026-02-28,3,1073,32,25,67,L260203073,2026-07-17
2026-02-28,3,1074,40,24,70,L260203074,2026-11-30
2026-02-28,3,1075,65,25,101,L260203075,2026-08-04
2026-02-28,3,1076,45,15,82,L260203076,2027-03-17
2026-02-28,3,1077,55,24,75,L260203077,2026-07-26
2026-02-28,3,1078,49,12,98,L260203078,2027-03-15
2026-02-28,3,1079,54,25,62,L260203079,2027-02-03
2026-02-28,3,1080,50,23,113,L260203080,2026-06-21
2026-02-28,4,1001,43,11,95,L260204001,2027-03-13
2026-02-28,4,1002,80,14,105,L260204002,2027-07-10
2026-02-28,4,1003,53,12,62,L260204003,2026-06-04
2026-02-28,4,1004,58,8,61,L260204004,2027-04-30
2026-02-28,4,1005,55,16,115,L260204005,2027-03-31
2026-02-28,4,1006,0,20,82,L260204006,2027-07-13
2026-02-28,4,1007,67,13,86,L260204007,2027-04-28
2026-02-28,4,1008,80,25,105,L260204008,2027-01-14
2026-02-28,4,1009,34,18,86,L260204009,2026-07-10
2026-02-28,4,1010,20,24,58,L260204010,2026-11-05
2026-02-28,4,1011,86,24,101,L260204011,2027-04-11
2026-02-28,4,1012,40,8,41,L260204012,2027-07-10
2026-02-28,4,1013,10,15,87,L260204013,2027-04-25
2026-02-28,4,1014,42,22,96,L260204014,2027-05-30
2026-02-28,4,1015,51,15,93,L260204015,2026-05-09
2026-02-28,4,1016,52,8,98,L260204016,2027-06-06
2026-02-28,4,1017,11,10,49,L260204017,2026-05-05
2026-02-28,4,1018,68,10,108,L260204018,2026-07-18
2026-02-28,4,1019,74,25,91,L260204019,2026-12-07
2026-02-28,4,1020,26,10,98,L260204020,2027-01-07
2026-02-28,4,1021,49,8,63,L260204021,2026-11-15
2026-02-28,4,1022,64,10,61,L260204022,2026-04-04
2026-02-28,4,1023,23,12,52,L260204023,2026-08-11
2026-02-28,4,1024,66,18,82,L260204024,2026-08-26
2026-02-28,4,1025,44,10,68,L260204025,2026-11-20
2026-02-28,4,1026,70,21,82,L260204026,2027-01-14
2026-02-28,4,1027,14,13,56,L260204027,2026-05-15
2026-02-28,4,1028,66,12,63,L260204028,2027-06-21
2026-02-28,4,1029,40,25,72,L260204029,2026-07-25
2026-02-28,4,1030,42,24,64,L260204030,2026-08-23
2026-02-28,4,1031,43,12,75,L260204031,2027-06-07
2026-02-28,4,1032,80,20,101,L260204032,2026-09-05
2026-02-28,4,1033,36,23,86,L260204033,2027-03-11
2026-02-28,4,1034,45,19,76,L260204034,2027-05-22
2026-02-28,4,1035,67,21,118,L260204035,2026-04-17
2026-02-28,4,1036,19,12,73,L260204036,2027-01-28
2026-02-28,4,1037,10,17,70,L260204037,2026-07-14
2026-02-28,4,1038,0,21,105,L260204038,2027-03-21
2026-02-28,4,1039,31,22,87,L260204039,2027-07-10
2026-02-28,4,1040,47,12,89,L260204040,2026-11-18
2026-02-28,4,1041,58,18,99,L260204041,2026-05-07
2026-02-28,4,1042,23,25,56,L260204042,2026-06-25
2026-02-28,4,1043,72,16,116,L260204043,2026-10-04
2026-02-28,4,1044,67,18,103,L260204044,2026-04-19
2026-02-28,4,1045,37,17,68,L260204045,2026-07-05
2026-02-28,4,1046,49,21,94,L260204046,2027-01-25
2026-02-28,4,1047,84,23,82,L260204047,2027-02-07
2026-02-28,4,1048,28,16,46,L260204048,2026-05-01
2026-02-28,4,1049,41,9,52,L260204049,2026-07-27
2026-02-28,4,1050,31,11,94,L260204050,2026-12-28
2026-02-28,4,1051,43,17,83,L260204051,2026-04-06
2026-02-28,4,1052,24,23,61,L260204052,2026-06-06
2026-02-28,4,1053,69,17,74,L260204053,2026-08-25
2026-02-28,4,1054,43,22,103,L260204054,2027-02-06
2026-02-28,4,1055,57,18,94,L260204055,2026-06-04
2026-02-28,4,1056,51,25,70,L260204056,2027-04-26
2026-02-28,4,1057,0,23,101,L260204057,2027-07-01
2026-02-28,4,1058,42,15,73,L260204058,2027-04-03
2026-02-28,4,1059,6,25,65,L260204059,2026-11-26
2026-02-28,4,1060,70,17,109,L260204060,2026-08-07
2026-02-28,4,1061,79,14,96,L260204061,2027-02-17
2026-02-28,4,1062,36,19,74,L260204062,2027-05-04
2026-02-28,4,1063,14,18,100,L260204063,2026-08-04
2026-02-28,4,1064,45,9,58,L260204064,2027-03-19
2026-02-28,4,1065,51,13,63,L260204065,2027-04-12
2026-02-28,4,1066,49,10,77,L260204066,2027-01-20
2026-02-28,4,1067,34,12,48,L260204067,2027-02-28
2026-02-28,4,1068,0,13,57,L260204068,2027-02-06
2026-02-28,4,1069,76,22,107,L260204069,2026-05-17
2026-02-28,4,1070,37,20,113,L260204070,2026-10-21
2026-02-28,4,1071,37,17,75,L260204071,2026-04-27
2026-02-28,4,1072,93,14,102,L260204072,2026-09-21
2026-02-28,4,1073,42,10,70,L260204073,2026-04-18
2026-02-28,4,1074,39,24,82,L260204074,2026-06-17
2026-02-28,4,1075,52,19,98,L260204075,2027-05-16
2026-02-28,4,1076,12,12,43,L260204076,2027-01-29
2026-02-28,4,1077,36,20,77,L260204077,2027-06-28
2026-02-28,4,1078,57,22,105,L260204078,2027-05-04
2026-02-28,4,1079,20,18,59,L260204079,2027-01-18
2026-02-28,4,1080,66,25,88,L260204080,2026-07-18
2026-02-28,5,1001,63,23,70,L260205001,2026-10-27
2026-02-28,5,1002,0,23,90,L260205002,2026-06-04
2026-02-28,5,1003,54,10,94,L260205003,2027-06-21
2026-02-28,5,1004,58,19,83,L260205004,2026-05-24
2026-02-28,5,1005,30,13,48,L260205005,2027-05-15
2026-02-28,5,1006,80,10,107,L260205006,2027-01-06
2026-02-28,5,1007,50,11,58,L260205007,2026-11-05
2026-02-28,5,1008,10,16,72,L260205008,2026-04-17
2026-02-28,5,1009,40,17,68,L260205009,2026-12-26
2026-02-28,5,1010,4,10,54,L260205010,2026-07-20
2026-02-28,5,1011,0,22,119,L260205011,2027-01-11
2026-02-28,5,1012,65,24,79,L260205012,2027-07-11
2026-02-28,5,1013,35,9,104,L260205013,2027-06-13
2026-02-28,5,1014,35,15,83,L260205014,2027-06-26
2026-02-28,5,1015,65,20,76,L260205015,2026-04-15
2026-02-28,5,1016,105,11,110,L260205016,2026-06-27
2026-02-28,5,1017,65,23,123,L260205017,2026-08-10
2026-02-28,5,1018,59,25,101,L260205018,2026-05-23
2026-02-28,5,1019,36,14,91,L260205019,2026-10-22
2026-02-28,5,1020,48,14,90,L260205020,2027-03-13
2026-02-28,5,1021,41,19,77,L260205021,2027-03-12
2026-02-28,5,1022,70,12,105,L260205022,2027-05-27
2026-02-28,5,1023,26,16,61,L260205023,2026-06-01
2026-02-28,5,1024,57,13,65,L260205024,2027-04-21
2026-02-28,5,1025,45,18,67,L260205025,2026-08-27
2026-02-28,5,1026,41,20,76,L260205026,2026-06-16
2026-02-28,5,1027,53,17,103,L260205027,2026-07-04
2026-02-28,5,1028,0,10,40,L260205028,2026-11-30
2026-02-28,5,1029,47,18,112,L260205029,2026-10-28
2026-02-28,5,1030,35,12,92,L260205030,2027-06-30
2026-02-28,5,1031,48,24,88,L260205031,2027-06-10
2026-02-28,5,1032,22,12,102,L260205032,2027-04-20
2026-02-28,5,1033,49,8,89,L260205033,2026-07-15
2026-02-28,5,1034,70,24,120,L260205034,2026-11-06
2026-02-28,5,1035,47,24,98,L260205035,2026-04-26
2026-02-28,5,1036,64,10,80,L260205036,2027-01-15
2026-02-28,5,1037,0,15,69,L260205037,2027-01-04
2026-02-28,5,1038,27,22,58,L260205038,2027-01-09
2026-02-28,5,1039,20,24,76,L260205039,2026-08-05
2026-02-28,5,1040,42,8,54,L260205040,2027-04-23
2026-02-28,5,1041,50,23,63,L260205041,2026-04-10
2026-02-28,5,1042,49,19,76,L260205042,2026-06-18
2026-02-28,5,1043,40,20,61,L260205043,2026-09-18
2026-02-28,5,1044,62,24,108,L260205044,2027-03-27
2026-02-28,5,1045,38,22,58,L260205045,2026-10-05
2026-02-28,5,1046,41,16,81,L260205046,2026-08-14
2026-02-28,5,1047,102,18,106,L260205047,2027-07-08
2026-02-28,5,1048,23,20,99,L260205048,2026-11-18
2026-02-28,5,1049,21,25,60,L260205049,2026-12-12
2026-02-28,5,1050,65,17,102,L260205050,2026-09-24
2026-02-28,5,1051,73,10,85,L260205051,2026-10-22
2026-02-28,5,1052,62,21,106,L260205052,2026-09-30
2026-02-28,5,1053,46,23,70,L260205053,2027-07-10
2026-02-28,5,1054,39,24,67,L260205054,2026-11-09
2026-02-28,5,1055,30,25,92,L260205055,2027-02-07
2026-02-28,5,1056,30,17,64,L260205056,2027-02-28
2026-02-28,5,1057,62,16,73,L260205057,2026-09-11
2026-02-28,5,1058,51,17,105,L260205058,2026-10-25
2026-02-28,5,1059,0,24,56,L260205059,2027-06-13
2026-02-28,5,1060,21,9,56,L260205060,2026-04-24
2026-02-28,5,1061,17,18,91,L260205061,2026-04-10
2026-02-28,5,1062,37,17,92,L260205062,2027-06-04
2026-02-28,5,1063,13,13,48,L260205063,2026-12-23
2026-02-28,5,1064,12,18,117,L260205064,2026-09-26
2026-02-28,5,1065,0,22,73,L260205065,2026-10-30
2026-02-28,5,1066,45,25,95,L260205066,2026-06-08
2026-02-28,5,1067,21,18,92,L260205067,2026-04-08
2026-02-28,5,1068,55,10,72,L260205068,2026-03-31
2026-02-28,5,1069,13,16,67,L260205069,2026-07-23
2026-02-28,5,1070,41,19,68,L260205070,2026-08-21
2026-02-28,5,1071,3,18,59,L260205071,2026-12-02
2026-02-28,5,1072,69,24,79,L260205072,2026-09-20
2026-02-28,5,1073,36,19,58,L260205073,2026-05-30
2026-02-28,5,1074,52,10,82,L260205074,2027-03-25
2026-02-28,5,1075,45,17,83,L260205075,2026-05-07
2026-02-28,5,1076,67,23,92,L260205076,2026-07-22
2026-02-28,5,1077,37,14,55,L260205077,2027-05-13
2026-02-28,5,1078,38,9,47,L260205078,2026-05-17
2026-02-28,5,1079,38,9,68,L260205079,2027-02-21
2026-02-28,5,1080,56,19,95,L260205080,2026-09-20
2026-02-28,6,1001,0,9,60,L260206001,2027-03-03
2026-02-28,6,1002,23,9,66,L260206002,2027-06-12
2026-02-28,6,1003,43,14,83,L260206003,2027-06-24
2026-02-28,6,1004,77,16,112,L260206004,2026-05-18
2026-02-28,6,1005,0,9,67,L260206005,2026-04-16
2026-02-28,6,1006,28,21,65,L260206006,2026-07-17
2026-02-28,6,1007,40,10,68,L260206007,2026-11-13
2026-02-28,6,1008,32,19,114,L260206008,2026-09-13
2026-02-28,6,1009,57,24,84,L260206009,2027-02-18
2026-02-28,6,1010,14,19,49,L260206010,2026-04-09
2026-02-28,6,1011,34,11,111,L260206011,2027-07-11
2026-02-28,6,1012,73,25,119,L260206012,2026-12-06
2026-02-28,6,1013,92,25,112,L260206013,2026-11-16
2026-02-28,6,1014,47,15,85,L260206014,2027-02-09
2026-02-28,6,1015,4,19,50,L260206015,2027-05-19
2026-02-28,6,1016,70,23,117,L260206016,2027-01-13
2026-02-28,6,1017,35,10,86,L260206017,2027-02-25
2026-02-28,6,1018,55,10,82,L260206018,2026-09-30
2026-02-28,6,1019,44,16,100,L260206019,2026-08-05
2026-02-28,6,1020,84,13,106,L260206020,2027-02-19
2026-02-28,6,1021,43,11,44,L260206021,2026-08-20
2026-02-28,6,1022,65,15,113,L260206022,2026-06-13
2026-02-28,6,1023,30,16,93,L260206023,2026-04-06
2026-02-28,6,1024,45,24,114,L260206024,2026-04-28
2026-02-28,6,1025,60,25,103,L260206025,2026-04-12
2026-02-28,6,1026,41,20,81,L260206026,2026-07-24
2026-02-28,6,1027,83,9,78,L260206027,2027-06-03
2026-02-28,6,1028,28,19,95,L260206028,2027-02-05
2026-02-28,6,1029,62,13,50,L260206029,2026-12-01
2026-02-28,6,1030,22,12,84,L260206030,2026-06-19
2026-02-28,6,1031,79,13,102,L260206031,2027-02-07
2026-02-28,6,1032,80,18,87,L260206032,2026-04-16
2026-02-28,6,1033,61,13,94,L260206033,2026-05-30
2026-02-28,6,1034,78,18,87,L260206034,2027-01-10
2026-02-28,6,1035,88,19,109,L260206035,2026-05-12
2026-02-28,6,1036,0,22,83,L260206036,2026-05-05
2026-02-28,6,1037,17,21,56,L260206037,2027-03-23
2026-02-28,6,1038,48,25,101,L260206038,2026-06-21
2026-02-28,6,1039,59,22,72,L260206039,2027-02-22
2026-02-28,6,1040,88,9,95,L260206040,2026-06-28
2026-02-28,6,1041,90,9,102,L260206041,2027-05-29
2026-02-28,6,1042,92,20,111,L260206042,2026-07-16
2026-02-28,6,1043,40,9,93,L260206043,2026-10-27
2026-02-28,6,1044,88,22,121,L260206044,2026-10-02
2026-02-28,6,1045,50,24,124,L260206045,2026-05-01
2026-02-28,6,1046,52,13,94,L260206046,2026-09-22
2026-02-28,6,1047,37,17,107,L260206047,2026-08-10
2026-02-28,6,1048,58,21,74,L260206048,2026-04-16
2026-02-28,6,1049,29,17,88,L260206049,2027-06-27
2026-02-28,6,1050,56,12,78,L260206050,2027-01-24
2026-02-28,6,1051,48,13,65,L260206051,2026-12-31
2026-02-28,6,1052,0,18,48,L260206052,2027-01-03
2026-02-28,6,1053,66,23,121,L260206053,2026-12-03
2026-02-28,6,1054,75,16,94,L260206054,2026-12-27
2026-02-28,6,1055,43,14,57,L260206055,2027-01-26
2026-02-28,6,1056,29,8,94,L260206056,2026-11-30
2026-02-28,6,1057,32,24,54,L260206057,2026-10-14
2026-02-28,6,1058,59,22,52,L260206058,2027-03-30
2026-02-28,6,1059,23,20,64,L260206059,2027-03-05
2026-02-28,6,1060,26,20,76,L260206060,2027-04-19
2026-02-28,6,1061,70,24,73,L260206061,2026-10-25
2026-02-28,6,1062,54,23,55,L260206062,2027-01-22
2026-02-28,6,1063,17,10,52,L260206063,2027-04-18
2026-02-28,6,1064,70,24,90,L260206064,2027-04-02
2026-02-28,6,1065,59,9,101,L260206065,2027-04-04
2026-02-28,6,1066,86,22,67,L260206066,2027-06-10
2026-02-28,6,1067,52,20,112,L260206067,2026-09-14
2026-02-28,6,1068,43,23,65,L260206068,2026-10-29
2026-02-28,6,1069,30,21,55,L260206069,2027-03-20
2026-02-28,6,1070,10,20,81,L260206070,2027-02-23
2026-02-28,6,1071,72,14,86,L260206071,2026-11-27
2026-02-28,6,1072,79,24,99,L260206072,2026-08-11
2026-02-28,6,1073,24,8,47,L260206073,2026-12-29
2026-02-28,6,1074,45,8,45,L260206074,2026-11-04
2026-02-28,6,1075,0,23,108,L260206075,2027-01-23
2026-02-28,6,1076,0,23,102,L260206076,2026-11-26
2026-02-28,6,1077,76,22,106,L260206077,2027-02-13
2026-02-28,6,1078,49,19,89,L260206078,2026-07-18
2026-02-28,6,1079,81,19,117,L260206079,2026-05-23
2026-02-28,6,1080,40,14,60,L260206080,2026-12-26
2026-03-31,1,1001,97,15,83,L260301001,2026-11-26
2026-03-31,1,1002,66,14,48,L260301002,2026-11-05
2026-03-31,1,1003,58,15,87,L260301003,2027-01-30
2026-03-31,1,1004,83,18,84,L260301004,2027-04-17
2026-03-31,1,1005,51,22,58,L260301005,2026-08-29
2026-03-31,1,1006,47,16,68,L260301006,2026-05-21
2026-03-31,1,1007,35,13,54,L260301007,2027-02-10
2026-03-31,1,1008,56,20,113,L260301008,2027-01-02
2026-03-31,1,1009,29,22,93,L260301009,2027-02-17
2026-03-31,1,1010,71,14,97,L260301010,2026-07-30
2026-03-31,1,1011,58,22,58,L260301011,2026-10-31
2026-03-31,1,1012,20,8,51,L260301012,2027-06-12
2026-03-31,1,1013,22,23,60,L260301013,2026-10-09
2026-03-31,1,1014,55,12,76,L260301014,2027-02-25
2026-03-31,1,1015,65,12,106,L260301015,2026-09-22
2026-03-31,1,1016,112,14,110,L260301016,2027-07-02
2026-03-31,1,1017,0,11,44,L260301017,2027-03-19
2026-03-31,1,1018,53,24,101,L260301018,2026-09-03
2026-03-31,1,1019,39,12,50,L260301019,2027-03-18
2026-03-31,1,1020,44,24,81,L260301020,2027-05-24
2026-03-31,1,1021,88,8,108,L260301021,2026-07-17
2026-03-31,1,1022,26,10,76,L260301022,2027-03-26
2026-03-31,1,1023,59,20,97,L260301023,2026-12-02
2026-03-31,1,1024,61,23,112,L260301024,2027-06-20
2026-03-31,1,1025,16,17,96,L260301025,2026-05-15
2026-03-31,1,1026,43,8,81,L260301026,2026-10-21
2026-03-31,1,1027,41,21,86,L260301027,2027-01-13
2026-03-31,1,1028,0,22,102,L260301028,2027-06-16
2026-03-31,1,1029,51,15,101,L260301029,2026-08-21
2026-03-31,1,1030,43,13,73,L260301030,2026-06-08
2026-03-31,1,1031,22,8,87,L260301031,2027-02-24
2026-03-31,1,1032,41,25,70,L260301032,2026-12-17
2026-03-31,1,1033,0,20,110,L260301033,2027-01-03
2026-03-31,1,1034,59,11,87,L260301034,2026-05-02
2026-03-31,1,1035,14,12,57,L260301035,2026-12-04
2026-03-31,1,1036,93,24,61,L260301036,2027-05-01
2026-03-31,1,1037,55,19,69,L260301037,2026-08-31
2026-03-31,1,1038,59,22,110,L260301038,2027-05-29
2026-03-31,1,1039,0,18,50,L260301039,2026-08-29
2026-03-31,1,1040,73,18,111,L260301040,2027-05-03
2026-03-31,1,1041,16,16,101,L260301041,2027-03-01
2026-03-31,1,1042,71,19,103,L260301042,2026-05-19
2026-03-31,1,1043,72,23,109,L260301043,2027-03-29
2026-03-31,1,1044,45,9,50,L260301044,2027-03-18
2026-03-31,1,1045,19,15,78,L260301045,2027-08-10
2026-03-31,1,1046,53,14,85,L260301046,2026-12-03
2026-03-31,1,1047,49,23,87,L260301047,2027-04-19
2026-03-31,1,1048,30,23,66,L260301048,2027-07-01
2026-03-31,1,1049,29,16,70,L260301049,2026-12-26
2026-03-31,1,1050,55,21,92,L260301050,2027-08-07
2026-03-31,1,1051,34,15,57,L260301051,2027-04-11
2026-03-31,1,1052,0,15,46,L260301052,2026-12-07
2026-03-31,1,1053,35,15,84,L260301053,2026-08-19
2026-03-31,1,1054,97,11,110,L260301054,2026-09-21
2026-03-31,1,1055,52,18,81,L260301055,2026-11-24
2026-03-31,1,1056,53,11,84,L260301056,2026-07-12
2026-03-31,1,1057,34,11,75,L260301057,2026-05-21
2026-03-31,1,1058,1,8,58,L260301058,2026-07-10
2026-03-31,1,1059,69,25,115,L260301059,2026-10-12
2026-03-31,1,1060,16,25,79,L260301060,2026-05-14
2026-03-31,1,1061,39,21,55,L260301061,2027-04-14
2026-03-31,1,1062,74,12,77,L260301062,2026-12-04
2026-03-31,1,1063,73,23,88,L260301063,2027-07-01
2026-03-31,1,1064,29,18,81,L260301064,2026-06-20
2026-03-31,1,1065,30,19,74,L260301065,2026-11-25
2026-03-31,1,1066,80,20,96,L260301066,2027-07-29
2026-03-31,1,1067,90,15,86,L260301067,2026-06-14
2026-03-31,1,1068,60,22,54,L260301068,2027-01-04
2026-03-31,1,1069,50,9,59,L260301069,2026-10-30
2026-03-31,1,1070,67,12,69,L260301070,2026-06-28
2026-03-31,1,1071,29,16,63,L260301071,2027-06-07
2026-03-31,1,1072,72,17,111,L260301072,2027-06-16
2026-03-31,1,1073,35,8,38,L260301073,2026-10-11
2026-03-31,1,1074,47,12,103,L260301074,2026-11-09
2026-03-31,1,1075,56,25,89,L260301075,2026-11-12
2026-03-31,1,1076,11,16,64,L260301076,2027-05-20
2026-03-31,1,1077,82,24,61,L260301077,2027-04-27
2026-03-31,1,1078,67,25,119,L260301078,2027-04-23
2026-03-31,1,1079,29,17,73,L260301079,2027-02-18
2026-03-31,1,1080,0,12,45,L260301080,2026-08-08
2026-03-31,2,1001,37,18,51,L260302001,2026-10-17
2026-03-31,2,1002,32,24,56,L260302002,2026-08-26
2026-03-31,2,1003,34,10,53,L260302003,2026-08-20
2026-03-31,2,1004,18,18,82,L260302004,2026-10-18
2026-03-31,2,1005,52,17,82,L260302005,2026-05-04
2026-03-31,2,1006,47,23,105,L260302006,2026-10-29
2026-03-31,2,1007,69,12,100,L260302007,2026-12-28
2026-03-31,2,1008,28,15,104,L260302008,2026-08-17
2026-03-31,2,1009,15,24,82,L260302009,2027-02-02
2026-03-31,2,1010,0,15,99,L260302010,2027-08-01
2026-03-31,2,1011,82,23,82,L260302011,2026-07-20
2026-03-31,2,1012,36,21,51,L260302012,2026-09-12
2026-03-31,2,1013,66,16,102,L260302013,2026-12-11
2026-03-31,2,1014,47,11,95,L260302014,2027-06-28
2026-03-31,2,1015,40,24,91,L260302015,2027-07-01
2026-03-31,2,1016,70,17,72,L260302016,2027-04-07
2026-03-31,2,1017,51,8,79,L260302017,2027-02-16
2026-03-31,2,1018,61,15,70,L260302018,2027-02-11
2026-03-31,2,1019,0,18,54,L260302019,2027-06-09
2026-03-31,2,1020,58,12,88,L260302020,2027-02-17
2026-03-31,2,1021,6,9,50,L260302021,2027-03-21
2026-03-31,2,1022,49,14,46,L260302022,2027-02-13
2026-03-31,2,1023,80,21,79,L260302023,2026-05-26
2026-03-31,2,1024,62,19,73,L260302024,2027-06-18
2026-03-31,2,1025,60,21,121,L260302025,2026-06-23
2026-03-31,2,1026,76,13,105,L260302026,2026-05-23
2026-03-31,2,1027,45,16,100,L260302027,2026-10-21
2026-03-31,2,1028,33,9,101,L260302028,2026-11-09
2026-03-31,2,1029,53,16,72,L260302029,2027-03-28
2026-03-31,2,1030,48,14,92,L260302030,2027-07-16
2026-03-31,2,1031,54,21,87,L260302031,2026-06-12
2026-03-31,2,1032,72,18,91,L260302032,2026-06-10
2026-03-31,2,1033,77,11,64,L260302033,2026-12-13
2026-03-31,2,1034,62,19,61,L260302034,2027-04-12
2026-03-31,2,1035,40,9,59,L260302035,2026-11-17
2026-03-31,2,1036,77,10,77,L260302036,2026-05-29
2026-03-31,2,1037,43,23,66,L260302037,2027-08-06
2026-03-31,2,1038,23,13,112,L260302038,2026-11-27
2026-03-31,2,1039,32,18,81,L260302039,2027-07-14
2026-03-31,2,1040,66,15,73,L260302040,2026-07-31
2026-03-31,2,1041,11,11,73,L260302041,2026-06-19
2026-03-31,2,1042,46,24,100,L260302042,2026-07-03
2026-03-31,2,1043,54,9,76,L260302043,2027-05-05
2026-03-31,2,1044,48,24,103,L260302044,2027-04-02
2026-03-31,2,1045,61,19,105,L260302045,2027-03-05
2026-03-31,2,1046,42,12,86,L260302046,2026-08-07
2026-03-31,2,1047,72,16,52,L260302047,2026-09-08
2026-03-31,2,1048,57,22,75,L260302048,2026-06-28
2026-03-31,2,1049,51,23,89,L260302049,2026-08-28
2026-03-31,2,1050,70,16,75,L260302050,2027-07-05
2026-03-31,2,1051,75,25,69,L260302051,2027-02-10
2026-03-31,2,1052,0,12,43,L260302052,2027-04-20
2026-03-31,2,1053,46,21,103,L260302053,2027-05-12
2026-03-31,2,1054,48,10,84,L260302054,2026-07-15
2026-03-31,2,1055,61,16,89,L260302055,2027-03-22
2026-03-31,2,1056,43,23,105,L260302056,2027-08-08
2026-03-31,2,1057,36,13,67,L260302057,2026-09-27
2026-03-31,2,1058,39,17,111,L260302058,2026-10-21
2026-03-31,2,1059,61,8,44,L260302059,2026-12-21
2026-03-31,2,1060,59,8,65,L260302060,2026-08-07
2026-03-31,2,1061,75,8,85,L260302061,2026-05-18
2026-03-31,2,1062,52,11,62,L260302062,2027-07-20
2026-03-31,2,1063,77,9,83,L260302063,2026-07-13
2026-03-31,2,1064,10,10,41,L260302064,2027-03-29
2026-03-31,2,1065,43,15,78,L260302065,2026-05-17
2026-03-31,2,1066,23,14,67,L260302066,2026-05-16
2026-03-31,2,1067,0,11,66,L260302067,2026-06-15
2026-03-31,2,1068,79,18,105,L260302068,2027-07-08
2026-03-31,2,1069,71,23,112,L260302069,2027-08-10
2026-03-31,2,1070,37,9,102,L260302070,2027-05-14
2026-03-31,2,1071,64,15,104,L260302071,2027-04-11
2026-03-31,2,1072,24,19,61,L260302072,2026-09-03
2026-03-31,2,1073,27,21,61,L260302073,2026-10-25
2026-03-31,2,1074,47,19,50,L260302074,2026-07-10
2026-03-31,2,1075,50,9,52,L260302075,2026-11-17
2026-03-31,2,1076,95,23,122,L260302076,2027-08-11
2026-03-31,2,1077,0,10,47,L260302077,2026-06-07
2026-03-31,2,1078,43,10,83,L260302078,2026-08-15
2026-03-31,2,1079,15,9,63,L260302079,2026-07-26
2026-03-31,2,1080,24,19,66,L260302080,2026-12-19
2026-03-31,3,1001,101,9,102,L260303001,2027-01-23
2026-03-31,3,1002,82,25,74,L260303002,2027-02-18
2026-03-31,3,1003,46,13,100,L260303003,2026-07-06
2026-03-31,3,1004,40,13,61,L260303004,2026-07-01
2026-03-31,3,1005,37,14,45,L260303005,2027-05-27
2026-03-31,3,1006,73,22,114,L260303006,2026-05-08
2026-03-31,3,1007,57,20,68,L260303007,2027-06-24
2026-03-31,3,1008,71,23,109,L260303008,2026-09-03
2026-03-31,3,1009,62,18,69,L260303009,2026-08-11
2026-03-31,3,1010,59,21,107,L260303010,2026-05-13
2026-03-31,3,1011,52,22,69,L260303011,2027-02-26
2026-03-31,3,1012,21,16,47,L260303012,2027-01-06
2026-03-31,3,1013,40,10,92,L260303013,2026-04-30
2026-03-31,3,1014,31,13,81,L260303014,2026-06-17
2026-03-31,3,1015,47,13,92,L260303015,2026-08-08
2026-03-31,3,1016,57,18,115,L260303016,2026-07-04
2026-03-31,3,1017,50,16,109,L260303017,2027-06-21
2026-03-31,3,1018,63,25,99,L260303018,2026-11-15
2026-03-31,3,1019,31,15,78,L260303019,2026-05-09
2026-03-31,3,1020,56,20,98,L260303020,2026-08-14
2026-03-31,3,1021,35,11,61,L260303021,2026-05-10
2026-03-31,3,1022,4,14,54,L260303022,2027-05-26
2026-03-31,3,1023,52,19,113,L260303023,2026-08-11
2026-03-31,3,1024,0,9,100,L260303024,2026-08-14
2026-03-31,3,1025,57,17,108,L260303025,2026-11-10
2026-03-31,3,1026,66,9,91,L260303026,2026-09-11
2026-03-31,3,1027,0,19,100,L260303027,2026-08-12
2026-03-31,3,1028,36,20,103,L260303028,2026-05-25
2026-03-31,3,1029,0,9,45,L260303029,2026-11-30
2026-03-31,3,1030,29,12,106,L260303030,2026-10-17
2026-03-31,3,1031,31,25,67,L260303031,2026-09-11
2026-03-31,3,1032,65,16,87,L260303032,2027-02-21
2026-03-31,3,1033,23,19,50,L260303033,2026-11-08
2026-03-31,3,1034,26,11,110,L260303034,2026-11-27
2026-03-31,3,1035,51,9,63,L260303035,2026-05-07
2026-03-31,3,1036,20,9,65,L260303036,2026-11-04
2026-03-31,3,1037,9,13,83,L260303037,2026-08-11
2026-03-31,3,1038,61,25,111,L260303038,2026-10-15
2026-03-31,3,1039,47,17,105,L260303039,2027-05-17
2026-03-31,3,1040,55,22,120,L260303040,2027-01-24
2026-03-31,3,1041,72,24,104,L260303041,2026-07-10
2026-03-31,3,1042,12,13,56,L260303042,2027-03-18
2026-03-31,3,1043,101,20,104,L260303043,2027-07-26
2026-03-31,3,1044,28,14,78,L260303044,2027-04-06
2026-03-31,3,1045,58,22,96,L260303045,2026-10-17
2026-03-31,3,1046,24,15,62,L260303046,2027-01-25
2026-03-31,3,1047,16,8,52,L260303047,2026-11-08
2026-03-31,3,1048,41,21,52,L260303048,2026-10-06
2026-03-31,3,1049,22,10,109,L260303049,2027-01-04
2026-03-31,3,1050,76,12,112,L260303050,2026-08-31
2026-03-31,3,1051,43,23,118,L260303051,2026-11-01
2026-03-31,3,1052,62,20,117,L260303052,2026-12-04
2026-03-31,3,1053,46,16,76,L260303053,2026-10-19
2026-03-31,3,1054,98,20,73,L260303054,2026-07-09
2026-03-31,3,1055,55,16,103,L260303055,2026-07-27
2026-03-31,3,1056,46,10,85,L260303056,2026-09-22
2026-03-31,3,1057,27,18,50,L260303057,2027-03-19
2026-03-31,3,1058,56,17,54,L260303058,2026-05-10
2026-03-31,3,1059,40,14,54,L260303059,2027-01-25
2026-03-31,3,1060,32,15,54,L260303060,2026-06-02
2026-03-31,3,1061,70,16,103,L260303061,2026-07-16
2026-03-31,3,1062,59,16,86,L260303062,2026-05-16
2026-03-31,3,1063,88,24,108,L260303063,2027-01-07
2026-03-31,3,1064,55,14,95,L260303064,2026-05-16
2026-03-31,3,1065,46,8,85,L260303065,2026-08-18
2026-03-31,3,1066,19,19,67,L260303066,2027-03-10
2026-03-31,3,1067,50,24,117,L260303067,2027-05-29
2026-03-31,3,1068,40,20,97,L260303068,2027-07-01
2026-03-31,3,1069,75,11,57,L260303069,2026-10-01
2026-03-31,3,1070,66,25,113,L260303070,2026-10-24
2026-03-31,3,1071,42,12,60,L260303071,2027-01-17
2026-03-31,3,1072,35,16,57,L260303072,2027-04-12
2026-03-31,3,1073,62,19,100,L260303073,2027-02-22
2026-03-31,3,1074,27,12,64,L260303074,2026-10-10
2026-03-31,3,1075,60,15,102,L260303075,2026-12-01
2026-03-31,3,1076,105,22,95,L260303076,2027-03-07
2026-03-31,3,1077,46,25,102,L260303077,2026-11-18
2026-03-31,3,1078,48,21,95,L260303078,2027-05-18
2026-03-31,3,1079,46,17,83,L260303079,2027-06-11
2026-03-31,3,1080,17,10,44,L260303080,2027-04-05
2026-03-31,4,1001,66,11,92,L260304001,2026-12-02
2026-03-31,4,1002,32,22,114,L260304002,2026-10-11
2026-03-31,4,1003,72,25,55,L260304003,2027-02-11
2026-03-31,4,1004,76,14,94,L260304004,2027-07-18
2026-03-31,4,1005,81,14,103,L260304005,2027-06-16
2026-03-31,4,1006,0,14,63,L260304006,2026-07-31
2026-03-31,4,1007,28,20,73,L260304007,2026-07-01
2026-03-31,4,1008,40,16,70,L260304008,2027-05-22
2026-03-31,4,1009,84,17,102,L260304009,2027-08-05
2026-03-31,4,1010,8,8,60,L260304010,2027-07-15
2026-03-31,4,1011,79,19,81,L260304011,2026-11-13
2026-03-31,4,1012,0,14,71,L260304012,2027-01-07
2026-03-31,4,1013,47,12,89,L260304013,2027-03-28
2026-03-31,4,1014,53,9,54,L260304014,2027-07-25
2026-03-31,4,1015,73,17,52,L260304015,2026-11-07
2026-03-31,4,1016,58,23,86,L260304016,2027-04-04
2026-03-31,4,1017,23,12,47,L260304017,2027-07-15
2026-03-31,4,1018,45,13,72,L260304018,2026-10-26
2026-03-31,4,1019,30,12,93,L260304019,2026-12-01
2026-03-31,4,1020,38,9,68,L260304020,2027-02-26
2026-03-31,4,1021,76,21,113,L260304021,2026-05-09
2026-03-31,4,1022,52,18,115,L260304022,2026-06-07
2026-03-31,4,1023,52,17,93,L260304023,2026-08-19
2026-03-31,4,1024,53,22,73,L260304024,2026-07-12
2026-03-31,4,1025,0,25,125,L260304025,2026-12-28
2026-03-31,4,1026,54,17,70,L260304026,2026-09-13
2026-03-31,4,1027,24,16,68,L260304027,2027-04-15
2026-03-31,4,1028,91,20,117,L260304028,2026-05-08
2026-03-31,4,1029,82,9,88,L260304029,2027-03-31
2026-03-31,4,1030,41,11,64,L260304030,2026-05-12
2026-03-31,4,1031,82,10,96,L260304031,2027-06-25
2026-03-31,4,1032,52,11,92,L260304032,2027-03-12
2026-03-31,4,1033,31,13,57,L260304033,2027-03-16
2026-03-31,4,1034,55,24,117,L260304034,2026-12-22
2026-03-31,4,1035,47,14,48,L260304035,2026-08-29
2026-03-31,4,1036,76,20,70,L260304036,2027-02-15
2026-03-31,4,1037,35,16,87,L260304037,2026-12-14
2026-03-31,4,1038,68,13,86,L260304038,2027-04-27
2026-03-31,4,1039,51,15,112,L260304039,2026-08-02
2026-03-31,4,1040,78,25,107,L260304040,2026-11-12
2026-03-31,4,1041,42,23,79,L260304041,2026-12-11
2026-03-31,4,1042,87,20,94,L260304042,2026-12-17
2026-03-31,4,1043,24,12,103,L260304043,2027-06-12
2026-03-31,4,1044,16,11,102,L260304044,2026-08-24
2026-03-31,4,1045,35,11,77,L260304045,2027-05-06
2026-03-31,4,1046,34,11,56,L260304046,2027-03-27
2026-03-31,4,1047,65,18,94,L260304047,2027-03-24
2026-03-31,4,1048,47,11,72,L260304048,2027-07-03
2026-03-31,4,1049,106,15,110,L260304049,2026-12-23
2026-03-31,4,1050,61,8,50,L260304050,2026-08-15
2026-03-31,4,1051,91,23,116,L260304051,2026-12-30
2026-03-31,4,1052,58,14,111,L260304052,2026-05-01
2026-03-31,4,1053,61,19,85,L260304053,2027-07-11
2026-03-31,4,1054,16,13,55,L260304054,2026-09-22
2026-03-31,4,1055,26,13,101,L260304055,2026-10-15
2026-03-31,4,1056,33,24,72,L260304056,2026-07-11
2026-03-31,4,1057,27,19,64,L260304057,2027-05-16
2026-03-31,4,1058,78,25,99,L260304058,2027-03-14
2026-03-31,4,1059,35,15,83,L260304059,2027-03-07
2026-03-31,4,1060,24,16,82,L260304060,2027-07-13
2026-03-31,4,1061,16,17,55,L260304061,2027-06-13
2026-03-31,4,1062,26,23,57,L260304062,2026-05-21
2026-03-31,4,1063,0,17,52,L260304063,2026-06-19
2026-03-31,4,1064,79,21,102,L260304064,2027-02-07
2026-03-31,4,1065,118,22,121,L260304065,2027-04-18
2026-03-31,4,1066,36,23,82,L260304066,2027-03-06
2026-03-31,4,1067,4,19,51,L260304067,2026-08-12
2026-03-31,4,1068,74,22,115,L260304068,2026-07-09
2026-03-31,4,1069,47,17,92,L260304069,2026-12-26
2026-03-31,4,1070,0,17,62,L260304070,2027-01-02
2026-03-31,4,1071,38,16,88,L260304071,2027-05-29
2026-03-31,4,1072,30,15,51,L260304072,2026-12-17
2026-03-31,4,1073,63,19,112,L260304073,2026-07-16
2026-03-31,4,1074,18,20,56,L260304074,2027-06-02
2026-03-31,4,1075,47,18,99,L260304075,2026-07-16
2026-03-31,4,1076,56,25,112,L260304076,2027-06-20
2026-03-31,4,1077,59,23,87,L260304077,2027-05-15
2026-03-31,4,1078,74,18,73,L260304078,2027-07-09
2026-03-31,4,1079,38,25,57,L260304079,2026-08-10
2026-03-31,4,1080,40,20,83,L260304080,2026-08-06
2026-03-31,5,1001,53,12,91,L260305001,2026-10-14
2026-03-31,5,1002,38,9,59,L260305002,2026-06-02
2026-03-31,5,1003,54,20,117,L260305003,2027-03-21
2026-03-31,5,1004,41,10,109,L260305004,2026-11-25
2026-03-31,5,1005,12,13,69,L260305005,2026-11-17
2026-03-31,5,1006,34,13,77,L260305006,2027-05-26
2026-03-31,5,1007,71,25,96,L260305007,2027-06-22
2026-03-31,5,1008,52,18,106,L260305008,2026-09-05
2026-03-31,5,1009,47,24,107,L260305009,2026-08-03
2026-03-31,5,1010,27,14,70,L260305010,2027-04-30
2026-03-31,5,1011,42,18,94,L260305011,2027-05-18
2026-03-31,5,1012,62,22,108,L260305012,2026-07-09
2026-03-31,5,1013,8,11,70,L260305013,2026-12-06
2026-03-31,5,1014,1,15,86,L260305014,2027-05-04
2026-03-31,5,1015,67,10,107,L260305015,2027-06-06
2026-03-31,5,1016,23,14,58,L260305016,2026-12-19
2026-03-31,5,1017,70,16,53,L260305017,2027-04-16
2026-03-31,5,1018,52,8,52,L260305018,2027-06-18
2026-03-31,5,1019,91,23,109,L260305019,2027-05-14
2026-03-31,5,1020,15,9,84,L260305020,2026-08-31
2026-03-31,5,1021,0,15,92,L260305021,2027-01-24
2026-03-31,5,1022,52,11,74,L260305022,2026-10-21
2026-03-31,5,1023,39,9,58,L260305023,2026-09-29
2026-03-31,5,1024,45,12,71,L260305024,2026-08-17
2026-03-31,5,1025,74,23,104,L260305025,2027-06-03
2026-03-31,5,1026,53,19,87,L260305026,2026-07-30
2026-03-31,5,1027,33,8,70,L260305027,2027-07-30
2026-03-31,5,1028,53,22,60,L260305028,2026-12-16
2026-03-31,5,1029,74,25,103,L260305029,2026-07-08
2026-03-31,5,1030,24,8,57,L260305030,2026-05-28
2026-03-31,5,1031,52,15,75,L260305031,2027-04-10
2026-03-31,5,1032,45,9,61,L260305032,2027-05-28
2026-03-31,5,1033,51,16,54,L260305033,2026-10-10
2026-03-31,5,1034,54,9,48,L260305034,2027-06-17
2026-03-31,5,1035,41,25,104,L260305035,2027-01-28
2026-03-31,5,1036,64,13,97,L260305036,2027-04-24
2026-03-31,5,1037,51,11,85,L260305037,2027-05-22
2026-03-31,5,1038,23,12,53,L260305038,2026-12-14
2026-03-31,5,1039,0,16,54,L260305039,2026-08-14
2026-03-31,5,1040,79,12,88,L260305040,2027-05-15
2026-03-31,5,1041,66,9,107,L260305041,2026-10-02
2026-03-31,5,1042,14,10,84,L260305042,2026-09-18
2026-03-31,5,1043,42,12,89,L260305043,2027-02-25
2026-03-31,5,1044,35,12,112,L260305044,2027-07-27
2026-03-31,5,1045,33,10,90,L260305045,2027-02-20
2026-03-31,5,1046,17,10,40,L260305046,2027-03-29
2026-03-31,5,1047,49,8,93,L260305047,2027-03-25
2026-03-31,5,1048,17,11,62,L260305048,2026-09-06
2026-03-31,5,1049,79,20,113,L260305049,2026-07-10
2026-03-31,5,1050,36,11,51,L260305050,2027-06-30
2026-03-31,5,1051,17,16,46,L260305051,2027-03-13
2026-03-31,5,1052,56,20,62,L260305052,2027-01-01
2026-03-31,5,1053,0,14,71,L260305053,2027-08-04
2026-03-31,5,1054,47,20,96,L260305054,2026-07-09
2026-03-31,5,1055,35,25,100,L260305055,2027-03-17
2026-03-31,5,1056,37,23,103,L260305056,2026-12-09
2026-03-31,5,1057,16,14,78,L260305057,2026-07-23
2026-03-31,5,1058,48,16,53,L260305058,2027-08-13
2026-03-31,5,1059,33,12,74,L260305059,2027-01-15
2026-03-31,5,1060,23,8,40,L260305060,2026-12-11
2026-03-31,5,1061,66,17,65,L260305061,2026-09-20
2026-03-31,5,1062,89,24,123,L260305062,2026-11-06
2026-03-31,5,1063,88,23,118,L260305063,2026-09-26
2026-03-31,5,1064,63,23,118,L260305064,2027-02-08
2026-03-31,5,1065,44,10,64,L260305065,2026-11-04
2026-03-31,5,1066,54,16,61,L260305066,2026-06-04
2026-03-31,5,1067,0,11,72,L260305067,2026-08-13
2026-03-31,5,1068,23,18,57,L260305068,2027-03-16
2026-03-31,5,1069,69,25,108,L260305069,2027-04-22
2026-03-31,5,1070,22,8,98,L260305070,2027-03-17
2026-03-31,5,1071,45,13,84,L260305071,2026-11-16
2026-03-31,5,1072,23,10,105,L260305072,2027-08-13
2026-03-31,5,1073,0,15,97,L260305073,2026-09-14
2026-03-31,5,1074,41,9,63,L260305074,2027-01-22
2026-03-31,5,1075,21,21,51,L260305075,2026-05-03
2026-03-31,5,1076,73,15,54,L260305076,2027-06-19
2026-03-31,5,1077,27,14,58,L260305077,2026-07-20
2026-03-31,5,1078,46,23,78,L260305078,2026-12-22
2026-03-31,5,1079,75,22,105,L260305079,2027-05-02
2026-03-31,5,1080,47,25,75,L260305080,2027-06-22
2026-03-31,6,1001,82,19,93,L260306001,2027-01-09
2026-03-31,6,1002,22,22,71,L260306002,2026-07-08
2026-03-31,6,1003,44,18,79,L260306003,2027-05-02
2026-03-31,6,1004,94,23,120,L260306004,2027-04-27
2026-03-31,6,1005,28,13,83,L260306005,2027-02-04
2026-03-31,6,1006,61,14,85,L260306006,2026-08-27
2026-03-31,6,1007,45,14,48,L260306007,2027-02-04
2026-03-31,6,1008,29,22,59,L260306008,2026-09-27
2026-03-31,6,1009,28,24,104,L260306009,2026-07-19
2026-03-31,6,1010,47,11,69,L260306010,2026-12-18
2026-03-31,6,1011,33,9,76,L260306011,2027-03-13
2026-03-31,6,1012,29,9,88,L260306012,2027-04-23
2026-03-31,6,1013,19,19,58,L260306013,2026-05-11
2026-03-31,6,1014,53,15,93,L260306014,2026-12-09
2026-03-31,6,1015,34,13,94,L260306015,2027-03-15
2026-03-31,6,1016,9,13,43,L260306016,2026-08-08
2026-03-31,6,1017,28,9,47,L260306017,2027-03-05
2026-03-31,6,1018,46,9,89,L260306018,2027-05-21
2026-03-31,6,1019,45,15,76,L260306019,2027-07-18
2026-03-31,6,1020,0,23,66,L260306020,2027-03-25
2026-03-31,6,1021,73,9,78,L260306021,2027-08-11
2026-03-31,6,1022,29,24,57,L260306022,2026-06-17
2026-03-31,6,1023,34,10,69,L260306023,2027-05-12
2026-03-31,6,1024,67,8,88,L260306024,2027-02-21
2026-03-31,6,1025,62,20,82,L260306025,2026-09-21
2026-03-31,6,1026,32,12,60,L260306026,2027-05-28
2026-03-31,6,1027,25,9,104,L260306027,2027-01-14
2026-03-31,6,1028,56,8,102,L260306028,2026-09-20
2026-03-31,6,1029,85,16,70,L260306029,2026-06-08
2026-03-31,6,1030,30,16,82,L260306030,2026-11-21
2026-03-31,6,1031,40,10,77,L260306031,2027-05-02
2026-03-31,6,1032,47,9,39,L260306032,2027-04-22
2026-03-31,6,1033,56,15,113,L260306033,2026-12-14
2026-03-31,6,1034,41,12,100,L260306034,2027-04-09
2026-03-31,6,1035,8,8,49,L260306035,2026-11-16
2026-03-31,6,1036,55,13,107,L260306036,2026-05-13
2026-03-31,6,1037,83,23,108,L260306037,2026-09-12
2026-03-31,6,1038,46,9,85,L260306038,2027-07-14
2026-03-31,6,1039,44,23,71,L260306039,2026-07-07
2026-03-31,6,1040,48,24,88,L260306040,2027-01-22
2026-03-31,6,1041,78,21,108,L260306041,2027-05-15
2026-03-31,6,1042,69,24,104,L260306042,2027-01-29
2026-03-31,6,1043,56,20,57,L260306043,2026-11-14
2026-03-31,6,1044,42,25,78,L260306044,2026-10-10
2026-03-31,6,1045,49,24,98,L260306045,2026-09-17
2026-03-31,6,1046,8,8,72,L260306046,2026-11-12
2026-03-31,6,1047,74,24,112,L260306047,2027-06-30
2026-03-31,6,1048,73,15,96,L260306048,2026-12-11
2026-03-31,6,1049,24,21,89,L260306049,2027-01-21
2026-03-31,6,1050,5,15,49,L260306050,2026-05-15
2026-03-31,6,1051,60,23,54,L260306051,2027-07-20
2026-03-31,6,1052,64,11,88,L260306052,2026-07-03
2026-03-31,6,1053,21,22,68,L260306053,2027-06-03
2026-03-31,6,1054,44,13,75,L260306054,2026-10-09
2026-03-31,6,1055,8,8,74,L260306055,2026-07-10
2026-03-31,6,1056,70,22,56,L260306056,2026-12-27
2026-03-31,6,1057,18,13,67,L260306057,2027-07-12
2026-03-31,6,1058,27,16,98,L260306058,2027-08-01
2026-03-31,6,1059,52,20,68,L260306059,2026-08-22
2026-03-31,6,1060,22,11,53,L260306060,2026-05-13
2026-03-31,6,1061,46,20,110,L260306061,2026-05-31
2026-03-31,6,1062,69,23,119,L260306062,2026-11-07
2026-03-31,6,1063,53,22,79,L260306063,2027-04-16
2026-03-31,6,1064,57,12,66,L260306064,2027-05-22
2026-03-31,6,1065,73,15,108,L260306065,2027-02-24
2026-03-31,6,1066,71,23,109,L260306066,2027-03-30
2026-03-31,6,1067,52,20,58,L260306067,2026-07-10
2026-03-31,6,1068,32,14,86,L260306068,2026-06-30
2026-03-31,6,1069,47,10,86,L260306069,2027-06-25
2026-03-31,6,1070,25,20,72,L260306070,2027-02-19
2026-03-31,6,1071,54,13,111,L260306071,2026-09-26
2026-03-31,6,1072,32,19,84,L260306072,2026-10-07
2026-03-31,6,1073,54,12,108,L260306073,2026-11-21
2026-03-31,6,1074,31,13,84,L260306074,2026-11-03
2026-03-31,6,1075,6,21,60,L260306075,2026-09-23
2026-03-31,6,1076,76,21,106,L260306076,2027-08-04
2026-03-31,6,1077,46,25,73,L260306077,2026-11-29
2026-03-31,6,1078,41,21,96,L260306078,2026-07-04
2026-03-31,6,1079,41,25,71,L260306079,2026-04-30
2026-03-31,6,1080,39,20,107,L260306080,2027-03-25
2026-04-30,1,1001,84,9,66,L260401001,2026-07-07
2026-04-30,1,1002,74,22,120,L260401002,2026-12-03
2026-04-30,1,1003,0,11,49,L260401003,2026-12-29
2026-04-30,1,1004,31,16,75,L260401004,2026-08-26
2026-04-30,1,1005,0,12,49,L260401005,2027-09-03
2026-04-30,1,1006,38,24,79,L260401006,2026-09-22
2026-04-30,1,1007,0,14,99,L260401007,2026-11-01
2026-04-30,1,1008,38,12,57,L260401008,2027-01-15
2026-04-30,1,1009,14,10,92,L260401009,2027-06-19
2026-04-30,1,1010,30,11,73,L260401010,2026-11-25
2026-04-30,1,1011,90,21,119,L260401011,2027-03-17
2026-04-30,1,1012,20,8,48,L260401012,2027-01-16
2026-04-30,1,1013,99,25,109,L260401013,2026-06-06
2026-04-30,1,1014,35,12,112,L260401014,2027-07-21
2026-04-30,1,1015,15,13,51,L260401015,2027-07-18
2026-04-30,1,1016,87,24,89,L260401016,2027-03-18
2026-04-30,1,1017,60,24,56,L260401017,2027-05-25
2026-04-30,1,1018,37,11,67,L260401018,2027-07-09
2026-04-30,1,1019,29,20,55,L260401019,2027-08-29
2026-04-30,1,1020,79,18,79,L260401020,2026-10-24
2026-04-30,1,1021,22,10,46,L260401021,2026-09-10
2026-04-30,1,1022,96,9,75,L260401022,2027-02-10
2026-04-30,1,1023,46,21,113,L260401023,2026-11-12
2026-04-30,1,1024,36,12,75,L260401024,2026-06-21
2026-04-30,1,1025,36,24,60,L260401025,2027-05-17
2026-04-30,1,1026,63,13,59,L260401026,2027-01-20
2026-04-30,1,1027,22,20,55,L260401027,2026-07-23
2026-04-30,1,1028,40,17,79,L260401028,2027-03-09
2026-04-30,1,1029,68,22,113,L260401029,2026-08-24
2026-04-30,1,1030,68,18,76,L260401030,2027-08-29
2026-04-30,1,1031,43,14,45,L260401031,2027-02-22
2026-04-30,1,1032,33,8,78,L260401032,2027-09-04
2026-04-30,1,1033,78,15,104,L260401033,2027-02-23
2026-04-30,1,1034,35,23,81,L260401034,2026-07-07
2026-04-30,1,1035,54,22,64,L260401035,2027-04-14
2026-04-30,1,1036,39,21,87,L260401036,2027-08-23
2026-04-30,1,1037,57,22,67,L260401037,2026-12-15
2026-04-30,1,1038,100,23,96,L260401038,2027-03-10
2026-04-30,1,1039,9,15,85,L260401039,2027-01-20
2026-04-30,1,1040,16,11,91,L260401040,2027-05-16
2026-04-30,1,1041,93,24,98,L260401041,2027-04-20
2026-04-30,1,1042,50,8,107,L260401042,2026-06-23
2026-04-30,1,1043,58,19,105,L260401043,2026-09-21
2026-04-30,1,1044,50,22,84,L260401044,2027-03-02
2026-04-30,1,1045,45,14,56,L260401045,2026-09-05
2026-04-30,1,1046,82,25,109,L260401046,2026-08-29
2026-04-30,1,1047,84,16,94,L260401047,2026-08-09
2026-04-30,1,1048,65,13,60,L260401048,2026-08-28
2026-04-30,1,1049,29,15,78,L260401049,2027-07-02
2026-04-30,1,1050,41,12,109,L260401050,2026-06-26
2026-04-30,1,1051,34,14,109,L260401051,2027-04-10
2026-04-30,1,1052,41,11,100,L260401052,2026-09-25
2026-04-30,1,1053,111,20,107,L260401053,2026-11-26
2026-04-30,1,1054,35,12,65,L260401054,2027-07-24
2026-04-30,1,1055,12,10,68,L260401055,2027-02-12
2026-04-30,1,1056,49,24,88,L260401056,2026-12-23
2026-04-30,1,1057,24,10,72,L260401057,2027-01-25
2026-04-30,1,1058,67,12,101,L260401058,2026-11-09
2026-04-30,1,1059,51,18,61,L260401059,2026-06-10
2026-04-30,1,1060,51,21,88,L260401060,2027-08-26
2026-04-30,1,1061,47,25,89,L260401061,2026-06-30
2026-04-30,1,1062,64,20,113,L260401062,2027-04-05
2026-04-30,1,1063,59,23,56,L260401063,2027-07-18
2026-04-30,1,1064,64,16,62,L260401064,2026-12-26
2026-04-30,1,1065,83,17,112,L260401065,2026-06-07
2026-04-30,1,1066,35,12,55,L260401066,2027-06-27
2026-04-30,1,1067,81,22,118,L260401067,2027-05-30
2026-04-30,1,1068,59,23,87,L260401068,2026-12-28
2026-04-30,1,1069,46,16,58,L260401069,2027-08-17
2026-04-30,1,1070,27,11,46,L260401070,2026-12-24
2026-04-30,1,1071,24,12,56,L260401071,2026-06-01
2026-04-30,1,1072,78,23,83,L260401072,2027-04-20
2026-04-30,1,1073,78,25,104,L260401073,2027-09-02
2026-04-30,1,1074,64,15,106,L260401074,2026-12-24
2026-04-30,1,1075,52,20,112,L260401075,2026-08-22
2026-04-30,1,1076,65,13,63,L260401076,2027-02-06
2026-04-30,1,1077,81,16,86,L260401077,2027-04-03
2026-04-30,1,1078,84,18,52,L260401078,2026-10-13
2026-04-30,1,1079,14,16,65,L260401079,2027-08-10
2026-04-30,1,1080,43,22,80,L260401080,2027-08-08
2026-04-30,2,1001,24,14,90,L260402001,2027-08-31
2026-04-30,2,1002,43,11,70,L260402002,2026-10-19
2026-04-30,2,1003,67,13,94,L260402003,2026-08-05
2026-04-30,2,1004,15,16,47,L260402004,2027-05-27
2026-04-30,2,1005,57,21,58,L260402005,2027-09-07
2026-04-30,2,1006,34,12,63,L260402006,2026-12-24
2026-04-30,2,1007,61,17,99,L260402007,2027-07-22
2026-04-30,2,1008,73,8,103,L260402008,2027-02-07
2026-04-30,2,1009,83,18,73,L260402009,2026-10-10
2026-04-30,2,1010,6,10,53,L260402010,2026-06-25
2026-04-30,2,1011,5,12,54,L260402011,2027-06-21
2026-04-30,2,1012,54,12,88,L260402012,2026-07-19
2026-04-30,2,1013,39,12,67,L260402013,2026-08-14
2026-04-30,2,1014,54,20,107,L260402014,2027-08-26
2026-04-30,2,1015,28,23,68,L260402015,2026-12-27
2026-04-30,2,1016,94,15,103,L260402016,2026-11-14
2026-04-30,2,1017,62,9,105,L260402017,2027-04-15
2026-04-30,2,1018,12,17,52,L260402018,2027-02-14
2026-04-30,2,1019,61,14,52,L260402019,2026-06-20
2026-04-30,2,1020,74,13,110,L260402020,2026-09-18
2026-04-30,2,1021,85,18,103,L260402021,2026-06-07
2026-04-30,2,1022,51,18,105,L260402022,2026-09-27
2026-04-30,2,1023,47,17,59,L260402023,2026-08-24
2026-04-30,2,1024,57,11,83,L260402024,2027-07-05
2026-04-30,2,1025,70,15,78,L260402025,2027-06-02
2026-04-30,2,1026,55,12,85,L260402026,2026-08-18
2026-04-30,2,1027,64,23,106,L260402027,2027-06-22
2026-04-30,2,1028,66,23,103,L260402028,2026-08-10
2026-04-30,2,1029,47,19,75,L260402029,2027-02-13
2026-04-30,2,1030,59,12,81,L260402030,2026-12-25
2026-04-30,2,1031,51,17,55,L260402031,2026-11-02
2026-04-30,2,1032,47,21,102,L260402032,2027-05-17
2026-04-30,2,1033,75,17,91,L260402033,2026-07-30
2026-04-30,2,1034,42,12,69,L260402034,2027-08-22
2026-04-30,2,1035,99,10,110,L260402035,2027-01-04
2026-04-30,2,1036,66,9,54,L260402036,2027-05-04
2026-04-30,2,1037,39,13,51,L260402037,2026-06-13
2026-04-30,2,1038,78,22,117,L260402038,2026-11-05
2026-04-30,2,1039,27,21,51,L260402039,2026-07-07
2026-04-30,2,1040,30,17,77,L260402040,2027-05-23
2026-04-30,2,1041,69,23,111,L260402041,2027-01-19
2026-04-30,2,1042,75,14,101,L260402042,2026-06-18
2026-04-30,2,1043,67,9,108,L260402043,2026-07-16
2026-04-30,2,1044,69,17,101,L260402044,2026-06-13
2026-04-30,2,1045,69,11,108,L260402045,2027-02-17
2026-04-30,2,1046,0,13,72,L260402046,2027-02-17
2026-04-30,2,1047,62,11,87,L260402047,2027-05-26
2026-04-30,2,1048,52,8,103,L260402048,2027-04-22
2026-04-30,2,1049,10,14,59,L260402049,2027-02-13
2026-04-30,2,1050,47,17,81,L260402050,2026-06-14
2026-04-30,2,1051,23,8,70,L260402051,2027-03-27
2026-04-30,2,1052,24,13,56,L260402052,2027-02-28
2026-04-30,2,1053,36,9,91,L260402053,2026-08-21
2026-04-30,2,1054,46,9,91,L260402054,2027-08-22
2026-04-30,2,1055,37,17,51,L260402055,2027-04-28
2026-04-30,2,1056,0,13,64,L260402056,2027-06-27
2026-04-30,2,1057,50,25,66,L260402057,2026-11-24
2026-04-30,2,1058,34,9,83,L260402058,2027-07-19
2026-04-30,2,1059,58,24,107,L260402059,2027-02-12
2026-04-30,2,1060,70,10,50,L260402060,2027-06-04
2026-04-30,2,1061,51,9,50,L260402061,2027-05-30
2026-04-30,2,1062,65,17,80,L260402062,2027-02-25
2026-04-30,2,1063,35,25,117,L260402063,2026-09-01
2026-04-30,2,1064,32,17,101,L260402064,2026-10-29
2026-04-30,2,1065,42,23,81,L260402065,2027-03-15
2026-04-30,2,1066,66,20,110,L260402066,2027-03-10
2026-04-30,2,1067,81,14,95,L260402067,2027-02-13
2026-04-30,2,1068,8,13,48,L260402068,2026-06-25
2026-04-30,2,1069,23,10,68,L260402069,2027-02-25
2026-04-30,2,1070,92,24,120,L260402070,2027-03-30
2026-04-30,2,1071,70,11,102,L260402071,2027-07-15
2026-04-30,2,1072,48,15,68,L260402072,2027-02-26
2026-04-30,2,1073,48,20,69,L260402073,2026-08-31
2026-04-30,2,1074,108,23,118,L260402074,2026-11-11
2026-04-30,2,1075,69,21,70,L260402075,2026-11-16
2026-04-30,2,1076,42,9,104,L260402076,2027-07-19
2026-04-30,2,1077,28,16,61,L260402077,2026-05-31
2026-04-30,2,1078,54,20,96,L260402078,2026-09-03
2026-04-30,2,1079,49,25,94,L260402079,2027-07-07
2026-04-30,2,1080,44,22,62,L260402080,2027-08-16
2026-04-30,3,1001,50,21,107,L260403001,2027-05-04
2026-04-30,3,1002,59,21,56,L260403002,2027-02-06
2026-04-30,3,1003,26,21,113,L260403003,2026-06-02
2026-04-30,3,1004,15,16,105,L260403004,2026-06-04
2026-04-30,3,1005,50,22,64,L260403005,2026-06-05
2026-04-30,3,1006,68,10,87,L260403006,2026-12-10
2026-04-30,3,1007,81,23,117,L260403007,2026-10-10
2026-04-30,3,1008,54,19,74,L260403008,2027-05-21
2026-04-30,3,1009,15,22,56,L260403009,2027-04-13
2026-04-30,3,1010,41,11,91,L260403010,2026-11-23
2026-04-30,3,1011,54,20,97,L260403011,2027-09-05
2026-04-30,3,1012,21,11,46,L260403012,2026-12-29
2026-04-30,3,1013,11,21,98,L260403013,2026-10-29
2026-04-30,3,1014,27,16,115,L260403014,2027-05-03
2026-04-30,3,1015,42,12,57,L260403015,2026-11-09
2026-04-30,3,1016,64,8,70,L260403016,2027-04-09
2026-04-30,3,1017,84,20,98,L260403017,2026-10-26
2026-04-30,3,1018,42,11,80,L260403018,2027-07-28
2026-04-30,3,1019,35,24,69,L260403019,2026-12-17
2026-04-30,3,1020,64,16,85,L260403020,2026-09-25
2026-04-30,3,1021,43,18,99,L260403021,2026-08-27
2026-04-30,3,1022,3,9,68,L260403022,2026-11-07
2026-04-30,3,1023,57,13,51,L260403023,2027-05-25
2026-04-30,3,1024,62,11,73,L260403024,2026-06-11
2026-04-30,3,1025,29,17,62,L260403025,2027-04-26
2026-04-30,3,1026,67,24,103,L260403026,2027-01-01
2026-04-30,3,1027,54,23,99,L260403027,2027-06-11
2026-04-30,3,1028,70,10,77,L260403028,2026-07-14
2026-04-30,3,1029,0,8,51,L260403029,2026-09-25
2026-04-30,3,1030,21,18,84,L260403030,2027-07-21
2026-04-30,3,1031,58,10,95,L260403031,2027-07-07
2026-04-30,3,1032,46,9,74,L260403032,2027-09-12
2026-04-30,3,1033,17,13,68,L260403033,2027-01-03
2026-04-30,3,1034,41,18,93,L260403034,2027-01-05
2026-04-30,3,1035,28,9,99,L260403035,2026-06-02
2026-04-30,3,1036,15,11,49,L260403036,2027-07-23
2026-04-30,3,1037,15,8,71,L260403037,2027-03-31
2026-04-30,3,1038,65,18,114,L260403038,2026-08-07
2026-04-30,3,1039,53,18,67,L260403039,2027-08-03
2026-04-30,3,1040,52,17,75,L260403040,2027-05-01
2026-04-30,3,1041,46,17,55,L260403041,2026-11-24
2026-04-30,3,1042,30,25,66,L260403042,2026-10-24
2026-04-30,3,1043,44,13,92,L260403043,2026-09-24
2026-04-30,3,1044,35,25,66,L260403044,2026-07-29
2026-04-30,3,1045,81,18,71,L260403045,2027-01-19
2026-04-30,3,1046,4,8,46,L260403046,2027-07-07
2026-04-30,3,1047,65,11,109,L260403047,2027-09-10
2026-04-30,3,1048,51,22,117,L260403048,2027-05-12
2026-04-30,3,1049,23,20,67,L260403049,2027-06-12
2026-04-30,3,1050,23,20,64,L260403050,2026-09-11
2026-04-30,3,1051,45,14,45,L260403051,2027-07-28
2026-04-30,3,1052,42,23,70,L260403052,2026-07-09
2026-04-30,3,1053,23,12,69,L260403053,2026-09-10
2026-04-30,3,1054,70,24,115,L260403054,2026-10-16
2026-04-30,3,1055,78,22,96,L260403055,2027-07-22
2026-04-30,3,1056,52,24,69,L260403056,2027-08-07
2026-04-30,3,1057,92,17,80,L260403057,2027-05-02
2026-04-30,3,1058,19,19,60,L260403058,2026-06-09
2026-04-30,3,1059,33,14,70,L260403059,2027-01-05
2026-04-30,3,1060,36,8,38,L260403060,2026-06-20
2026-04-30,3,1061,52,22,75,L260403061,2026-08-05
2026-04-30,3,1062,46,15,89,L260403062,2026-08-21
2026-04-30,3,1063,41,11,52,L260403063,2026-08-12
2026-04-30,3,1064,48,20,105,L260403064,2027-03-20
2026-04-30,3,1065,46,19,84,L260403065,2027-05-19
2026-04-30,3,1066,46,18,112,L260403066,2026-09-23
2026-04-30,3,1067,64,24,67,L260403067,2026-10-07
2026-04-30,3,1068,69,11,82,L260403068,2026-11-12
2026-04-30,3,1069,0,11,99,L260403069,2027-01-24
2026-04-30,3,1070,73,20,106,L260403070,2026-12-24
2026-04-30,3,1071,68,20,106,L260403071,2027-04-02
2026-04-30,3,1072,47,20,104,L260403072,2026-09-12
2026-04-30,3,1073,48,24,71,L260403073,2027-05-24
2026-04-30,3,1074,49,13,82,L260403074,2026-12-10
2026-04-30,3,1075,37,16,65,L260403075,2026-09-17
2026-04-30,3,1076,15,10,68,L260403076,2027-02-22
2026-04-30,3,1077,32,9,51,L260403077,2026-08-03
2026-04-30,3,1078,54,9,100,L260403078,2027-02-02
2026-04-30,3,1079,0,8,53,L260403079,2027-05-18
2026-04-30,3,1080,16,23,106,L260403080,2027-02-28
2026-04-30,4,1001,52,11,67,L260404001,2026-11-11
2026-04-30,4,1002,65,14,107,L260404002,2027-03-23
2026-04-30,4,1003,67,10,84,L260404003,2027-05-02
2026-04-30,4,1004,55,16,108,L260404004,2027-02-14
2026-04-30,4,1005,37,22,107,L260404005,2027-01-10
2026-04-30,4,1006,51,16,112,L260404006,2026-07-12
2026-04-30,4,1007,42,22,92,L260404007,2027-02-08
2026-04-30,4,1008,55,21,121,L260404008,2027-01-10
2026-04-30,4,1009,81,22,102,L260404009,2026-07-20
2026-04-30,4,1010,69,8,106,L260404010,2026-10-26
2026-04-30,4,1011,96,25,79,L260404011,2026-10-15
2026-04-30,4,1012,113,25,93,L260404012,2027-02-26
2026-04-30,4,1013,76,15,92,L260404013,2027-01-30
2026-04-30,4,1014,103,25,122,L260404014,2027-03-14
2026-04-30,4,1015,41,25,72,L260404015,2026-09-06
2026-04-30,4,1016,31,18,56,L260404016,2026-07-22
2026-04-30,4,1017,38,17,61,L260404017,2027-07-03
2026-04-30,4,1018,67,10,56,L260404018,2027-03-01
2026-04-30,4,1019,28,8,53,L260404019,2026-11-10
2026-04-30,4,1020,29,18,69,L260404020,2027-08-11
2026-04-30,4,1021,92,23,105,L260404021,2026-06-22
2026-04-30,4,1022,58,9,106,L260404022,2027-04-16
2026-04-30,4,1023,74,14,73,L260404023,2026-11-15
2026-04-30,4,1024,64,23,109,L260404024,2026-06-17
2026-04-30,4,1025,46,24,113,L260404025,2027-01-24
2026-04-30,4,1026,77,16,103,L260404026,2026-06-24
2026-04-30,4,1027,41,22,100,L260404027,2027-06-12
2026-04-30,4,1028,68,11,81,L260404028,2027-03-02
2026-04-30,4,1029,97,20,109,L260404029,2026-08-01
2026-04-30,4,1030,58,8,78,L260404030,2027-01-20
2026-04-30,4,1031,56,11,111,L260404031,2027-08-03
2026-04-30,4,1032,36,16,49,L260404032,2027-02-16
2026-04-30,4,1033,46,20,63,L260404033,2027-07-11
2026-04-30,4,1034,60,22,111,L260404034,2026-09-14
2026-04-30,4,1035,50,17,109,L260404035,2026-09-10
2026-04-30,4,1036,42,9,97,L260404036,2027-04-24
2026-04-30,4,1037,74,17,71,L260404037,2027-05-14
2026-04-30,4,1038,43,18,91,L260404038,2027-08-18
2026-04-30,4,1039,51,8,57,L260404039,2027-09-01
2026-04-30,4,1040,39,10,54,L260404040,2026-10-10
2026-04-30,4,1041,42,10,97,L260404041,2027-06-30
2026-04-30,4,1042,52,12,95,L260404042,2027-05-30
2026-04-30,4,1043,48,21,88,L260404043,2027-08-23
2026-04-30,4,1044,0,25,61,L260404044,2027-02-24
2026-04-30,4,1045,0,15,48,L260404045,2027-04-05
2026-04-30,4,1046,36,12,59,L260404046,2026-10-22
2026-04-30,4,1047,46,11,49,L260404047,2027-06-02
2026-04-30,4,1048,45,14,87,L260404048,2026-07-31
2026-04-30,4,1049,18,16,71,L260404049,2027-06-21
2026-04-30,4,1050,0,15,56,L260404050,2026-10-04
2026-04-30,4,1051,61,20,51,L260404051,2027-06-18
2026-04-30,4,1052,68,10,110,L260404052,2027-09-01
2026-04-30,4,1053,41,20,83,L260404053,2027-08-20
2026-04-30,4,1054,40,17,76,L260404054,2027-05-10
2026-04-30,4,1055,37,16,61,L260404055,2026-12-18
2026-04-30,4,1056,65,8,69,L260404056,2026-12-25
2026-04-30,4,1057,73,19,62,L260404057,2026-06-26
2026-04-30,4,1058,62,24,95,L260404058,2026-09-23
2026-04-30,4,1059,7,8,71,L260404059,2027-02-02
2026-04-30,4,1060,56,22,60,L260404060,2027-01-06
2026-04-30,4,1061,47,22,72,L260404061,2027-02-06
2026-04-30,4,1062,81,20,99,L260404062,2026-08-17
2026-04-30,4,1063,59,20,87,L260404063,2026-12-24
2026-04-30,4,1064,78,25,111,L260404064,2027-03-28
2026-04-30,4,1065,0,9,77,L260404065,2026-08-01
2026-04-30,4,1066,46,20,65,L260404066,2026-12-27
2026-04-30,4,1067,60,11,69,L260404067,2027-06-05
2026-04-30,4,1068,14,15,52,L260404068,2027-01-07
2026-04-30,4,1069,35,8,80,L260404069,2026-10-18
2026-04-30,4,1070,37,13,59,L260404070,2027-08-03
2026-04-30,4,1071,95,9,106,L260404071,2027-06-20
2026-04-30,4,1072,14,17,72,L260404072,2027-05-10
2026-04-30,4,1073,36,13,50,L260404073,2026-12-07
2026-04-30,4,1074,84,13,79,L260404074,2026-11-08
2026-04-30,4,1075,83,19,103,L260404075,2026-12-08
2026-04-30,4,1076,40,17,107,L260404076,2026-10-25
2026-04-30,4,1077,70,14,114,L260404077,2027-04-20
2026-04-30,4,1078,0,15,106,L260404078,2027-02-23
2026-04-30,4,1079,55,12,89,L260404079,2027-02-21
2026-04-30,4,1080,53,24,57,L260404080,2027-08-07
2026-04-30,5,1001,46,14,45,L260405001,2027-08-10
2026-04-30,5,1002,22,11,91,L260405002,2027-02-07
2026-04-30,5,1003,43,13,92,L260405003,2027-06-03
2026-04-30,5,1004,55,16,51,L260405004,2027-08-18
2026-04-30,5,1005,46,13,96,L260405005,2027-08-24
2026-04-30,5,1006,59,18,58,L260405006,2026-09-21
2026-04-30,5,1007,15,8,63,L260405007,2026-07-10
2026-04-30,5,1008,92,24,113,L260405008,2027-07-06
2026-04-30,5,1009,61,18,74,L260405009,2026-12-12
2026-04-30,5,1010,41,16,79,L260405010,2026-11-12
2026-04-30,5,1011,71,25,70,L260405011,2026-12-29
2026-04-30,5,1012,44,9,53,L260405012,2026-10-11
2026-04-30,5,1013,60,24,56,L260405013,2027-04-02
2026-04-30,5,1014,45,13,98,L260405014,2026-06-29
2026-04-30,5,1015,42,20,66,L260405015,2027-03-04
2026-04-30,5,1016,58,13,56,L260405016,2026-12-06
2026-04-30,5,1017,53,15,73,L260405017,2026-10-03
2026-04-30,5,1018,37,13,92,L260405018,2027-03-29
2026-04-30,5,1019,21,17,61,L260405019,2027-02-23
2026-04-30,5,1020,52,20,73,L260405020,2027-06-13
2026-04-30,5,1021,19,23,57,L260405021,2026-11-04
2026-04-30,5,1022,39,16,71,L260405022,2027-07-06
2026-04-30,5,1023,52,15,75,L260405023,2027-01-27
2026-04-30,5,1024,31,23,55,L260405024,2026-10-24
2026-04-30,5,1025,91,24,94,L260405025,2026-07-13
2026-04-30,5,1026,17,8,38,L260405026,2027-06-01
2026-04-30,5,1027,39,14,63,L260405027,2027-07-12
2026-04-30,5,1028,55,24,66,L260405028,2026-11-02
2026-04-30,5,1029,39,25,85,L260405029,2027-05-18
2026-04-30,5,1030,84,25,96,L260405030,2026-09-14
2026-04-30,5,1031,80,23,112,L260405031,2026-07-04
2026-04-30,5,1032,9,19,84,L260405032,2027-03-28
2026-04-30,5,1033,10,14,84,L260405033,2027-07-01
2026-04-30,5,1034,58,16,59,L260405034,2027-08-13
2026-04-30,5,1035,61,17,47,L260405035,2026-06-06
2026-04-30,5,1036,53,15,70,L260405036,2026-08-05
2026-04-30,5,1037,57,9,55,L260405037,2027-03-13
2026-04-30,5,1038,0,9,64,L260405038,2026-11-08
2026-04-30,5,1039,24,9,68,L260405039,2027-06-30
2026-04-30,5,1040,26,17,108,L260405040,2026-06-14
2026-04-30,5,1041,43,15,69,L260405041,2026-11-09
2026-04-30,5,1042,59,9,106,L260405042,2027-06-15
2026-04-30,5,1043,39,13,97,L260405043,2027-05-15
2026-04-30,5,1044,30,12,94,L260405044,2026-08-31
2026-04-30,5,1045,112,20,94,L260405045,2027-06-30
2026-04-30,5,1046,37,23,64,L260405046,2026-09-19
2026-04-30,5,1047,68,21,76,L260405047,2026-12-30
2026-04-30,5,1048,24,9,101,L260405048,2027-07-12
2026-04-30,5,1049,47,22,116,L260405049,2026-12-24
2026-04-30,5,1050,16,15,79,L260405050,2026-10-28
2026-04-30,5,1051,27,16,90,L260405051,2026-09-18
2026-04-30,5,1052,28,23,73,L260405052,2027-05-10
2026-04-30,5,1053,69,17,80,L260405053,2027-03-04
2026-04-30,5,1054,27,16,86,L260405054,2027-04-11
2026-04-30,5,1055,17,25,72,L260405055,2027-02-23
2026-04-30,5,1056,39,15,54,L260405056,2026-09-10
2026-04-30,5,1057,24,11,44,L260405057,2027-03-12
2026-04-30,5,1058,36,14,61,L260405058,2026-08-24
2026-04-30,5,1059,0,8,57,L260405059,2026-07-19
2026-04-30,5,1060,36,17,71,L260405060,2026-06-10
2026-04-30,5,1061,29,8,43,L260405061,2026-08-10
2026-04-30,5,1062,77,8,68,L260405062,2027-08-04
2026-04-30,5,1063,11,10,50,L260405063,2027-07-09
2026-04-30,5,1064,62,19,58,L260405064,2026-11-25
2026-04-30,5,1065,56,23,65,L260405065,2027-06-18
2026-04-30,5,1066,47,19,66,L260405066,2027-06-03
2026-04-30,5,1067,85,19,87,L260405067,2026-08-01
2026-04-30,5,1068,0,9,39,L260405068,2026-12-20
2026-04-30,5,1069,56,15,93,L260405069,2027-07-15
2026-04-30,5,1070,90,8,105,L260405070,2027-03-06
2026-04-30,5,1071,56,25,71,L260405071,2027-08-29
2026-04-30,5,1072,94,23,105,L260405072,2027-05-11
2026-04-30,5,1073,70,17,104,L260405073,2026-11-22
2026-04-30,5,1074,0,20,51,L260405074,2027-07-28
2026-04-30,5,1075,101,25,80,L260405075,2026-06-18
2026-04-30,5,1076,34,9,40,L260405076,2027-06-09
2026-04-30,5,1077,46,20,78,L260405077,2027-07-20
2026-04-30,5,1078,0,23,62,L260405078,2027-04-21
2026-04-30,5,1079,67,10,92,L260405079,2027-08-10
2026-04-30,5,1080,86,21,114,L260405080,2026-06-06
2026-04-30,6,1001,66,20,107,L260406001,2027-05-16
2026-04-30,6,1002,61,12,72,L260406002,2027-03-07
2026-04-30,6,1003,66,23,112,L260406003,2027-02-18
2026-04-30,6,1004,32,18,65,L260406004,2027-07-06
2026-04-30,6,1005,88,21,91,L260406005,2026-08-21
2026-04-30,6,1006,17,17,73,L260406006,2026-07-22
2026-04-30,6,1007,79,22,108,L260406007,2026-06-27
2026-04-30,6,1008,29,15,88,L260406008,2027-03-25
2026-04-30,6,1009,54,14,70,L260406009,2027-07-01
2026-04-30,6,1010,48,10,41,L260406010,2026-11-16
2026-04-30,6,1011,37,15,63,L260406011,2027-06-24
2026-04-30,6,1012,79,25,96,L260406012,2026-11-15
2026-04-30,6,1013,20,13,53,L260406013,2026-10-20
2026-04-30,6,1014,80,12,101,L260406014,2026-09-22
2026-04-30,6,1015,29,18,84,L260406015,2026-10-28
2026-04-30,6,1016,53,9,100,L260406016,2026-12-17
2026-04-30,6,1017,42,21,96,L260406017,2026-08-02
2026-04-30,6,1018,73,17,60,L260406018,2027-07-03
2026-04-30,6,1019,41,21,79,L260406019,2026-08-22
2026-04-30,6,1020,61,10,48,L260406020,2026-06-22
2026-04-30,6,1021,55,16,48,L260406021,2027-03-30
2026-04-30,6,1022,67,11,41,L260406022,2027-07-04
2026-04-30,6,1023,43,12,46,L260406023,2027-01-28
2026-04-30,6,1024,17,9,72,L260406024,2027-05-24
2026-04-30,6,1025,48,20,79,L260406025,2026-10-03
2026-04-30,6,1026,64,21,111,L260406026,2026-07-16
2026-04-30,6,1027,45,14,69,L260406027,2026-07-09
2026-04-30,6,1028,10,8,55,L260406028,2027-08-29
2026-04-30,6,1029,14,23,56,L260406029,2027-02-21
2026-04-30,6,1030,76,25,85,L260406030,2026-10-26
2026-04-30,6,1031,40,9,96,L260406031,2027-02-04
2026-04-30,6,1032,36,10,66,L260406032,2027-02-19
2026-04-30,6,1033,0,25,107,L260406033,2027-01-11
2026-04-30,6,1034,33,20,80,L260406034,2027-07-19
2026-04-30,6,1035,0,10,42,L260406035,2027-04-01
2026-04-30,6,1036,17,21,55,L260406036,2027-07-11
2026-04-30,6,1037,24,8,68,L260406037,2027-05-16
2026-04-30,6,1038,44,16,51,L260406038,2027-07-05
2026-04-30,6,1039,84,24,113,L260406039,2026-11-10
2026-04-30,6,1040,56,9,106,L260406040,2027-08-01
2026-04-30,6,1041,40,13,50,L260406041,2027-04-27
2026-04-30,6,1042,96,24,105,L260406042,2026-12-18
2026-04-30,6,1043,11,20,68,L260406043,2027-03-03
2026-04-30,6,1044,67,23,91,L260406044,2027-05-13
2026-04-30,6,1045,77,21,113,L260406045,2027-05-20
2026-04-30,6,1046,38,15,71,L260406046,2027-02-22
2026-04-30,6,1047,53,12,107,L260406047,2026-09-14
2026-04-30,6,1048,52,24,120,L260406048,2027-07-11
2026-04-30,6,1049,72,16,90,L260406049,2026-09-20
2026-04-30,6,1050,43,12,75,L260406050,2026-09-17
2026-04-30,6,1051,71,8,62,L260406051,2027-06-02
2026-04-30,6,1052,89,20,108,L260406052,2027-05-02
2026-04-30,6,1053,42,23,76,L260406053,2027-06-26
2026-04-30,6,1054,57,19,100,L260406054,2027-01-22
2026-04-30,6,1055,41,20,61,L260406055,2027-05-02
2026-04-30,6,1056,0,11,100,L260406056,2027-04-23
2026-04-30,6,1057,14,16,87,L260406057,2027-05-01
2026-04-30,6,1058,71,16,74,L260406058,2026-11-08
2026-04-30,6,1059,50,18,48,L260406059,2026-12-26
2026-04-30,6,1060,56,18,109,L260406060,2026-10-08
2026-04-30,6,1061,53,12,78,L260406061,2026-10-09
2026-04-30,6,1062,65,23,60,L260406062,2027-03-02
2026-04-30,6,1063,54,23,65,L260406063,2027-04-16
2026-04-30,6,1064,62,24,113,L260406064,2027-01-10
2026-04-30,6,1065,36,10,93,L260406065,2027-07-09
2026-04-30,6,1066,127,22,119,L260406066,2026-10-11
2026-04-30,6,1067,80,10,83,L260406067,2026-07-27
2026-04-30,6,1068,31,11,108,L260406068,2027-07-25
2026-04-30,6,1069,61,19,57,L260406069,2026-06-16
2026-04-30,6,1070,69,25,101,L260406070,2026-08-04
2026-04-30,6,1071,0,20,54,L260406071,2027-05-13
2026-04-30,6,1072,135,23,96,L260406072,2027-07-12
2026-04-30,6,1073,57,20,112,L260406073,2027-01-30
2026-04-30,6,1074,46,14,94,L260406074,2027-07-13
2026-04-30,6,1075,79,8,94,L260406075,2027-04-21
2026-04-30,6,1076,61,17,107,L260406076,2026-06-05
2026-04-30,6,1077,55,10,58,L260406077,2027-03-01
2026-04-30,6,1078,70,17,81,L260406078,2026-09-30
2026-04-30,6,1079,39,24,79,L260406079,2026-11-20
2026-04-30,6,1080,35,12,59,L260406080,2027-08-22
2026-05-31,1,1001,0,17,57,L260501001,2027-07-07
2026-05-31,1,1002,20,14,99,L260501002,2027-04-22
2026-05-31,1,1003,67,23,111,L260501003,2027-09-11
2026-05-31,1,1004,22,18,100,L260501004,2026-07-16
2026-05-31,1,1005,55,16,115,L260501005,2026-10-01
2026-05-31,1,1006,47,11,102,L260501006,2027-07-30
2026-05-31,1,1007,15,19,71,L260501007,2026-11-28
2026-05-31,1,1008,49,18,89,L260501008,2027-05-24
2026-05-31,1,1009,41,24,55,L260501009,2026-09-12
2026-05-31,1,1010,57,14,109,L260501010,2026-08-21
2026-05-31,1,1011,40,17,53,L260501011,2026-09-04
2026-05-31,1,1012,50,16,63,L260501012,2026-08-21
2026-05-31,1,1013,0,12,91,L260501013,2026-11-05
2026-05-31,1,1014,59,12,55,L260501014,2026-08-30
2026-05-31,1,1015,14,19,60,L260501015,2027-10-01
2026-05-31,1,1016,45,16,47,L260501016,2027-03-19
2026-05-31,1,1017,106,8,102,L260501017,2026-07-17
2026-05-31,1,1018,68,20,112,L260501018,2026-11-05
2026-05-31,1,1019,78,23,81,L260501019,2027-08-12
2026-05-31,1,1020,69,19,118,L260501020,2026-10-30
2026-05-31,1,1021,15,11,72,L260501021,2027-02-13
2026-05-31,1,1022,60,18,102,L260501022,2027-09-28
2026-05-31,1,1023,74,23,83,L260501023,2027-05-04
2026-05-31,1,1024,66,25,113,L260501024,2027-04-30
2026-05-31,1,1025,18,14,54,L260501025,2027-07-26
2026-05-31,1,1026,65,19,67,L260501026,2027-05-11
2026-05-31,1,1027,80,8,88,L260501027,2026-07-07
2026-05-31,1,1028,21,8,48,L260501028,2026-09-25
2026-05-31,1,1029,61,16,114,L260501029,2027-08-28
2026-05-31,1,1030,52,19,70,L260501030,2027-04-10
2026-05-31,1,1031,71,10,90,L260501031,2026-07-07
2026-05-31,1,1032,81,11,49,L260501032,2027-04-21
2026-05-31,1,1033,35,25,99,L260501033,2027-09-01
2026-05-31,1,1034,81,24,105,L260501034,2027-05-03
2026-05-31,1,1035,43,24,92,L260501035,2027-03-10
2026-05-31,1,1036,34,14,96,L260501036,2027-01-23
2026-05-31,1,1037,59,20,104,L260501037,2026-09-24
2026-05-31,1,1038,55,17,95,L260501038,2026-07-23
2026-05-31,1,1039,18,13,57,L260501039,2027-01-30
2026-05-31,1,1040,61,16,82,L260501040,2026-10-19
2026-05-31,1,1041,29,12,54,L260501041,2027-03-02
2026-05-31,1,1042,42,21,52,L260501042,2027-08-18
2026-05-31,1,1043,89,18,108,L260501043,2027-08-04
2026-05-31,1,1044,59,10,102,L260501044,2026-07-06
2026-05-31,1,1045,17,18,51,L260501045,2027-07-15
2026-05-31,1,1046,74,21,101,L260501046,2027-06-17
2026-05-31,1,1047,29,9,84,L260501047,2027-09-14
2026-05-31,1,1048,15,16,103,L260501048,2026-10-16
2026-05-31,1,1049,0,15,45,L260501049,2027-09-25
2026-05-31,1,1050,19,16,47,L260501050,2027-03-16
2026-05-31,1,1051,69,17,90,L260501051,2027-02-13
2026-05-31,1,1052,19,20,52,L260501052,2027-09-23
2026-05-31,1,1053,32,9,48,L260501053,2027-07-07
2026-05-31,1,1054,73,15,108,L260501054,2027-06-28
2026-05-31,1,1055,47,24,73,L260501055,2027-02-07
2026-05-31,1,1056,38,10,103,L260501056,2027-03-04
2026-05-31,1,1057,29,15,47,L260501057,2027-02-20
2026-05-31,1,1058,45,16,86,L260501058,2026-11-12
2026-05-31,1,1059,51,20,63,L260501059,2026-11-13
2026-05-31,1,1060,96,19,115,L260501060,2026-09-05
2026-05-31,1,1061,28,25,62,L260501061,2026-09-02
2026-05-31,1,1062,89,23,84,L260501062,2027-01-26
2026-05-31,1,1063,50,9,97,L260501063,2027-07-28
2026-05-31,1,1064,0,19,55,L260501064,2027-07-22
2026-05-31,1,1065,55,19,68,L260501065,2027-03-15
2026-05-31,1,1066,62,25,106,L260501066,2027-09-17
2026-05-31,1,1067,54,20,89,L260501067,2026-09-25
2026-05-31,1,1068,0,23,68,L260501068,2026-08-15
2026-05-31,1,1069,19,15,71,L260501069,2027-03-18
2026-05-31,1,1070,21,8,62,L260501070,2027-01-02
2026-05-31,1,1071,38,8,79,L260501071,2027-04-28
2026-05-31,1,1072,70,16,95,L260501072,2026-12-19
2026-05-31,1,1073,25,11,105,L260501073,2027-10-13
2026-05-31,1,1074,71,24,112,L260501074,2027-03-30
2026-05-31,1,1075,8,8,38,L260501075,2027-03-02
2026-05-31,1,1076,58,8,61,L260501076,2027-06-12
2026-05-31,1,1077,3,16,48,L260501077,2026-08-19
2026-05-31,1,1078,68,9,94,L260501078,2026-10-05
2026-05-31,1,1079,22,8,55,L260501079,2027-05-23
2026-05-31,1,1080,80,20,72,L260501080,2027-02-03
2026-05-31,2,1001,60,10,81,L260502001,2027-06-05
2026-05-31,2,1002,63,22,87,L260502002,2027-09-24
2026-05-31,2,1003,69,24,95,L260502003,2027-02-27
2026-05-31,2,1004,55,14,88,L260502004,2026-07-21
2026-05-31,2,1005,58,10,101,L260502005,2026-09-19
2026-05-31,2,1006,43,9,108,L260502006,2026-12-02
2026-05-31,2,1007,62,11,63,L260502007,2027-02-24
2026-05-31,2,1008,21,16,60,L260502008,2026-08-26
2026-05-31,2,1009,27,20,71,L260502009,2027-08-14
2026-05-31,2,1010,20,16,81,L260502010,2027-04-16
2026-05-31,2,1011,46,19,103,L260502011,2027-07-12
2026-05-31,2,1012,57,9,70,L260502012,2026-12-03
2026-05-31,2,1013,99,21,70,L260502013,2026-07-10
2026-05-31,2,1014,35,19,50,L260502014,2027-03-09
2026-05-31,2,1015,44,24,101,L260502015,2027-04-19
2026-05-31,2,1016,50,13,79,L260502016,2027-08-21
2026-05-31,2,1017,20,22,54,L260502017,2027-03-24
2026-05-31,2,1018,34,19,79,L260502018,2026-09-17
2026-05-31,2,1019,70,10,99,L260502019,2027-02-02
2026-05-31,2,1020,66,12,81,L260502020,2027-03-15
2026-05-31,2,1021,71,22,122,L260502021,2027-08-18
2026-05-31,2,1022,51,11,55,L260502022,2026-08-30
2026-05-31,2,1023,29,21,64,L260502023,2027-02-09
2026-05-31,2,1024,61,17,114,L260502024,2027-09-24
2026-05-31,2,1025,25,9,56,L260502025,2027-07-09
2026-05-31,2,1026,34,20,58,L260502026,2027-09-03
2026-05-31,2,1027,23,13,96,L260502027,2027-10-03
2026-05-31,2,1028,61,18,56,L260502028,2026-10-31
2026-05-31,2,1029,49,14,105,L260502029,2027-01-28
2026-05-31,2,1030,29,11,86,L260502030,2027-08-09
2026-05-31,2,1031,27,8,108,L260502031,2027-09-14
2026-05-31,2,1032,42,12,75,L260502032,2027-08-06
2026-05-31,2,1033,47,16,101,L260502033,2027-07-04
2026-05-31,2,1034,42,8,67,L260502034,2026-11-29
2026-05-31,2,1035,49,17,86,L260502035,2027-09-20
2026-05-31,2,1036,34,8,66,L260502036,2026-10-16
2026-05-31,2,1037,48,14,93,L260502037,2027-07-15
2026-05-31,2,1038,43,21,75,L260502038,2026-08-01
2026-05-31,2,1039,0,17,70,L260502039,2027-03-27
2026-05-31,2,1040,42,15,70,L260502040,2026-07-15
2026-05-31,2,1041,48,23,56,L260502041,2026-12-22
2026-05-31,2,1042,49,25,62,L260502042,2026-12-02
2026-05-31,2,1043,31,16,84,L260502043,2027-10-13
2026-05-31,2,1044,85,24,91,L260502044,2027-01-05
2026-05-31,2,1045,41,16,65,L260502045,2026-08-05
2026-05-31,2,1046,80,13,106,L260502046,2026-11-11
2026-05-31,2,1047,64,24,121,L260502047,2027-08-23
2026-05-31,2,1048,0,8,44,L260502048,2027-05-09
2026-05-31,2,1049,69,25,94,L260502049,2027-03-19
2026-05-31,2,1050,46,18,101,L260502050,2027-08-19
2026-05-31,2,1051,63,17,67,L260502051,2027-02-22
2026-05-31,2,1052,49,25,57,L260502052,2027-06-27
2026-05-31,2,1053,62,10,102,L260502053,2027-07-16
2026-05-31,2,1054,74,10,66,L260502054,2027-02-11
2026-05-31,2,1055,59,17,83,L260502055,2027-03-21
2026-05-31,2,1056,18,12,43,L260502056,2027-01-30
2026-05-31,2,1057,33,16,83,L260502057,2026-12-28
2026-05-31,2,1058,85,24,93,L260502058,2027-09-20
2026-05-31,2,1059,18,20,60,L260502059,2027-08-20
2026-05-31,2,1060,25,9,84,L260502060,2027-02-15
2026-05-31,2,1061,56,12,75,L260502061,2027-06-03
2026-05-31,2,1062,86,21,52,L260502062,2026-09-18
2026-05-31,2,1063,48,16,78,L260502063,2026-10-19
2026-05-31,2,1064,1,11,44,L260502064,2026-12-12
2026-05-31,2,1065,18,15,51,L260502065,2026-10-01
2026-05-31,2,1066,50,17,65,L260502066,2027-08-12
2026-05-31,2,1067,39,8,88,L260502067,2026-06-30
2026-05-31,2,1068,40,21,62,L260502068,2026-09-26
2026-05-31,2,1069,44,18,75,L260502069,2026-09-29
2026-05-31,2,1070,72,15,76,L260502070,2027-04-07
2026-05-31,2,1071,14,8,38,L260502071,2027-03-07
2026-05-31,2,1072,35,24,106,L260502072,2026-11-03
2026-05-31,2,1073,83,10,94,L260502073,2026-10-09
2026-05-31,2,1074,33,8,101,L260502074,2027-07-13
2026-05-31,2,1075,52,20,101,L260502075,2027-03-14
2026-05-31,2,1076,65,25,101,L260502076,2026-10-07
2026-05-31,2,1077,22,9,83,L260502077,2026-08-20
2026-05-31,2,1078,48,11,82,L260502078,2026-07-02
2026-05-31,2,1079,92,13,104,L260502079,2027-09-06
2026-05-31,2,1080,38,14,45,L260502080,2027-05-24
2026-05-31,3,1001,36,12,66,L260503001,2027-07-14
2026-05-31,3,1002,22,15,70,L260503002,2027-05-08
2026-05-31,3,1003,25,8,77,L260503003,2027-08-28
2026-05-31,3,1004,25,16,51,L260503004,2027-02-27
2026-05-31,3,1005,59,14,49,L260503005,2027-04-22
2026-05-31,3,1006,41,11,94,L260503006,2026-12-09
2026-05-31,3,1007,18,8,54,L260503007,2027-08-13
2026-05-31,3,1008,32,15,49,L260503008,2026-10-25
2026-05-31,3,1009,23,18,76,L260503009,2027-07-26
2026-05-31,3,1010,44,23,71,L260503010,2026-11-25
2026-05-31,3,1011,70,20,113,L260503011,2027-08-27
2026-05-31,3,1012,42,9,64,L260503012,2027-03-16
2026-05-31,3,1013,0,21,71,L260503013,2027-08-06
2026-05-31,3,1014,25,8,72,L260503014,2026-11-08
2026-05-31,3,1015,69,11,77,L260503015,2026-10-16
2026-05-31,3,1016,48,8,89,L260503016,2026-12-05
2026-05-31,3,1017,53,18,93,L260503017,2026-12-15
2026-05-31,3,1018,67,21,85,L260503018,2026-12-30
2026-05-31,3,1019,38,9,83,L260503019,2027-03-08
2026-05-31,3,1020,80,20,77,L260503020,2027-10-07
2026-05-31,3,1021,42,17,79,L260503021,2027-04-18
2026-05-31,3,1022,67,15,76,L260503022,2027-04-21
2026-05-31,3,1023,44,24,90,L260503023,2026-10-09
2026-05-31,3,1024,52,21,60,L260503024,2027-06-05
2026-05-31,3,1025,75,23,102,L260503025,2027-01-21
2026-05-31,3,1026,41,13,51,L260503026,2027-01-13
2026-05-31,3,1027,29,17,109,L260503027,2027-07-28
2026-05-31,3,1028,32,24,69,L260503028,2027-10-07
2026-05-31,3,1029,16,9,77,L260503029,2027-01-14
2026-05-31,3,1030,12,8,78,L260503030,2027-04-05
2026-05-31,3,1031,10,8,41,L260503031,2026-11-15
2026-05-31,3,1032,67,12,97,L260503032,2027-05-15
2026-05-31,3,1033,41,15,94,L260503033,2026-11-02
2026-05-31,3,1034,42,11,97,L260503034,2026-12-22
2026-05-31,3,1035,45,17,61,L260503035,2027-01-27
2026-05-31,3,1036,58,22,65,L260503036,2026-10-17
2026-05-31,3,1037,73,11,59,L260503037,2026-12-02
2026-05-31,3,1038,51,20,88,L260503038,2027-01-26
2026-05-31,3,1039,34,20,96,L260503039,2027-08-26
2026-05-31,3,1040,51,18,49,L260503040,2027-01-31
2026-05-31,3,1041,12,20,51,L260503041,2027-08-24
2026-05-31,3,1042,87,19,66,L260503042,2027-06-03
2026-05-31,3,1043,56,14,72,L260503043,2027-02-12
2026-05-31,3,1044,10,16,56,L260503044,2027-10-10
2026-05-31,3,1045,57,25,110,L260503045,2026-07-17
2026-05-31,3,1046,44,16,61,L260503046,2026-09-20
2026-05-31,3,1047,59,14,85,L260503047,2027-03-16
2026-05-31,3,1048,77,22,78,L260503048,2027-02-17
2026-05-31,3,1049,74,16,61,L260503049,2027-10-07
2026-05-31,3,1050,46,22,73,L260503050,2026-11-07
2026-05-31,3,1051,74,8,76,L260503051,2027-01-26
2026-05-31,3,1052,91,14,83,L260503052,2026-10-25
2026-05-31,3,1053,46,16,55,L260503053,2026-12-14
2026-05-31,3,1054,77,18,95,L260503054,2026-09-02
2026-05-31,3,1055,4,18,70,L260503055,2026-07-27
2026-05-31,3,1056,76,24,58,L260503056,2027-04-20
2026-05-31,3,1057,42,13,51,L260503057,2027-09-15
2026-05-31,3,1058,77,24,115,L260503058,2027-04-23
2026-05-31,3,1059,14,19,69,L260503059,2027-03-08
2026-05-31,3,1060,27,8,42,L260503060,2027-07-21
2026-05-31,3,1061,65,21,86,L260503061,2026-10-02
2026-05-31,3,1062,38,14,86,L260503062,2027-05-05
2026-05-31,3,1063,42,22,55,L260503063,2027-07-05
2026-05-31,3,1064,0,13,62,L260503064,2027-03-02
2026-05-31,3,1065,41,19,104,L260503065,2027-09-09
2026-05-31,3,1066,59,23,60,L260503066,2027-03-24
2026-05-31,3,1067,54,16,63,L260503067,2026-10-25
2026-05-31,3,1068,49,25,84,L260503068,2027-02-09
2026-05-31,3,1069,68,9,97,L260503069,2026-07-22
2026-05-31,3,1070,38,24,54,L260503070,2027-01-28
2026-05-31,3,1071,72,21,58,L260503071,2026-07-15
2026-05-31,3,1072,11,14,82,L260503072,2026-09-01
2026-05-31,3,1073,42,19,97,L260503073,2026-12-10
2026-05-31,3,1074,45,20,79,L260503074,2026-10-28
2026-05-31,3,1075,45,9,57,L260503075,2027-02-26
2026-05-31,3,1076,50,16,59,L260503076,2027-04-18
2026-05-31,3,1077,53,17,76,L260503077,2026-09-06
2026-05-31,3,1078,0,10,50,L260503078,2026-11-19
2026-05-31,3,1079,64,11,88,L260503079,2026-08-19
2026-05-31,3,1080,69,23,105,L260503080,2026-12-02
2026-05-31,4,1001,51,17,82,L260504001,2027-02-05
2026-05-31,4,1002,86,22,91,L260504002,2027-02-02
2026-05-31,4,1003,45,16,98,L260504003,2026-07-01
2026-05-31,4,1004,48,13,90,L260504004,2027-10-07
2026-05-31,4,1005,0,22,70,L260504005,2026-09-28
2026-05-31,4,1006,84,18,85,L260504006,2027-08-26
2026-05-31,4,1007,6,14,44,L260504007,2027-02-16
2026-05-31,4,1008,74,9,107,L260504008,2027-04-01
2026-05-31,4,1009,73,17,108,L260504009,2026-10-02
2026-05-31,4,1010,66,25,84,L260504010,2026-09-10
2026-05-31,4,1011,52,16,107,L260504011,2027-09-05
2026-05-31,4,1012,51,15,80,L260504012,2027-01-16
2026-05-31,4,1013,65,24,113,L260504013,2027-05-04
2026-05-31,4,1014,39,15,111,L260504014,2027-10-02
2026-05-31,4,1015,97,23,105,L260504015,2026-09-21
2026-05-31,4,1016,40,11,57,L260504016,2027-10-10
2026-05-31,4,1017,48,24,78,L260504017,2026-12-16
2026-05-31,4,1018,79,15,79,L260504018,2027-05-15
2026-05-31,4,1019,77,19,109,L260504019,2027-09-29
2026-05-31,4,1020,55,23,85,L260504020,2027-09-04
2026-05-31,4,1021,30,13,78,L260504021,2027-01-31
2026-05-31,4,1022,14,16,46,L260504022,2027-07-04
2026-05-31,4,1023,29,9,97,L260504023,2026-09-27
2026-05-31,4,1024,28,8,51,L260504024,2027-07-07
2026-05-31,4,1025,62,17,87,L260504025,2026-09-10
2026-05-31,4,1026,40,22,57,L260504026,2027-05-02
2026-05-31,4,1027,62,23,117,L260504027,2026-07-06
2026-05-31,4,1028,39,18,104,L260504028,2027-08-04
2026-05-31,4,1029,41,18,62,L260504029,2027-03-07
2026-05-31,4,1030,14,18,54,L260504030,2027-05-12
2026-05-31,4,1031,40,12,99,L260504031,2027-08-29
2026-05-31,4,1032,58,22,119,L260504032,2027-06-16
2026-05-31,4,1033,75,18,89,L260504033,2026-08-31
2026-05-31,4,1034,11,10,50,L260504034,2026-08-08
2026-05-31,4,1035,58,14,111,L260504035,2027-04-17
2026-05-31,4,1036,65,22,122,L260504036,2027-05-28
2026-05-31,4,1037,24,8,66,L260504037,2027-07-06
2026-05-31,4,1038,57,14,48,L260504038,2027-07-02
2026-05-31,4,1039,49,23,93,L260504039,2026-08-16
2026-05-31,4,1040,46,13,66,L260504040,2026-12-07
2026-05-31,4,1041,69,24,60,L260504041,2027-04-02
2026-05-31,4,1042,30,17,58,L260504042,2027-08-21
2026-05-31,4,1043,30,16,69,L260504043,2026-08-08
2026-05-31,4,1044,52,9,85,L260504044,2027-07-15
2026-05-31,4,1045,46,13,102,L260504045,2027-09-05
2026-05-31,4,1046,69,20,59,L260504046,2027-02-25
2026-05-31,4,1047,5,15,48,L260504047,2026-10-10
2026-05-31,4,1048,66,13,110,L260504048,2026-09-10
2026-05-31,4,1049,54,10,82,L260504049,2027-05-06
2026-05-31,4,1050,89,25,120,L260504050,2026-08-19
2026-05-31,4,1051,67,17,101,L260504051,2026-12-26
2026-05-31,4,1052,76,16,108,L260504052,2027-01-20
2026-05-31,4,1053,35,20,78,L260504053,2027-09-28
2026-05-31,4,1054,24,20,94,L260504054,2027-09-27
2026-05-31,4,1055,41,9,88,L260504055,2026-08-22
2026-05-31,4,1056,56,21,109,L260504056,2027-06-07
2026-05-31,4,1057,9,20,80,L260504057,2027-06-14
2026-05-31,4,1058,40,18,72,L260504058,2027-04-16
2026-05-31,4,1059,66,17,62,L260504059,2027-07-14
2026-05-31,4,1060,52,19,71,L260504060,2027-06-06
2026-05-31,4,1061,21,24,67,L260504061,2027-09-09
2026-05-31,4,1062,24,9,48,L260504062,2027-05-20
2026-05-31,4,1063,31,10,47,L260504063,2027-07-04
2026-05-31,4,1064,49,25,107,L260504064,2026-08-14
2026-05-31,4,1065,78,18,112,L260504065,2026-09-03
2026-05-31,4,1066,66,24,65,L260504066,2027-03-19
2026-05-31,4,1067,45,10,88,L260504067,2026-07-01
2026-05-31,4,1068,81,22,121,L260504068,2027-06-24
2026-05-31,4,1069,89,20,117,L260504069,2026-09-05
2026-05-31,4,1070,74,15,66,L260504070,2027-09-22
2026-05-31,4,1071,46,17,76,L260504071,2027-02-24
2026-05-31,4,1072,31,14,100,L260504072,2026-09-21
2026-05-31,4,1073,38,11,53,L260504073,2027-10-07
2026-05-31,4,1074,65,9,51,L260504074,2027-03-08
2026-05-31,4,1075,0,8,85,L260504075,2027-09-20
2026-05-31,4,1076,28,15,71,L260504076,2027-07-19
2026-05-31,4,1077,46,9,43,L260504077,2027-03-12
2026-05-31,4,1078,76,11,84,L260504078,2027-01-14
2026-05-31,4,1079,24,17,62,L260504079,2026-12-14
2026-05-31,4,1080,42,22,60,L260504080,2027-01-14
2026-05-31,5,1001,84,17,110,L260505001,2026-07-28
2026-05-31,5,1002,49,10,46,L260505002,2027-07-05
2026-05-31,5,1003,28,24,71,L260505003,2027-08-17
2026-05-31,5,1004,30,8,54,L260505004,2026-11-09
2026-05-31,5,1005,55,18,77,L260505005,2027-08-29
2026-05-31,5,1006,0,8,53,L260505006,2027-07-13
2026-05-31,5,1007,22,11,71,L260505007,2026-10-01
2026-05-31,5,1008,40,17,64,L260505008,2027-07-29
2026-05-31,5,1009,26,22,119,L260505009,2026-12-01
2026-05-31,5,1010,65,20,94,L260505010,2027-06-24
2026-05-31,5,1011,24,12,79,L260505011,2027-09-24
2026-05-31,5,1012,85,24,107,L260505012,2027-06-30
2026-05-31,5,1013,65,22,79,L260505013,2027-02-11
2026-05-31,5,1014,51,10,68,L260505014,2027-08-24
2026-05-31,5,1015,26,18,106,L260505015,2027-01-01
2026-05-31,5,1016,27,19,86,L260505016,2026-09-05
2026-05-31,5,1017,70,21,116,L260505017,2027-09-15
2026-05-31,5,1018,5,13,80,L260505018,2026-12-22
2026-05-31,5,1019,87,14,105,L260505019,2026-12-13
2026-05-31,5,1020,43,12,58,L260505020,2027-07-02
2026-05-31,5,1021,53,22,94,L260505021,2027-07-17
2026-05-31,5,1022,98,22,121,L260505022,2027-09-04
2026-05-31,5,1023,12,13,47,L260505023,2027-03-14
2026-05-31,5,1024,15,16,80,L260505024,2026-07-03
2026-05-31,5,1025,59,9,91,L260505025,2027-01-02
2026-05-31,5,1026,85,25,88,L260505026,2027-06-11
2026-05-31,5,1027,40,18,94,L260505027,2026-11-12
2026-05-31,5,1028,84,23,89,L260505028,2026-08-21
2026-05-31,5,1029,0,11,48,L260505029,2026-10-20
2026-05-31,5,1030,45,17,107,L260505030,2027-01-07
2026-05-31,5,1031,42,17,100,L260505031,2026-10-24
2026-05-31,5,1032,17,14,69,L260505032,2027-03-15
2026-05-31,5,1033,11,14,85,L260505033,2026-11-07
2026-05-31,5,1034,57,21,76,L260505034,2027-02-02
2026-05-31,5,1035,77,20,72,L260505035,2026-09-16
2026-05-31,5,1036,38,18,52,L260505036,2027-02-11
2026-05-31,5,1037,40,22,59,L260505037,2027-05-10
2026-05-31,5,1038,63,12,66,L260505038,2027-10-02
2026-05-31,5,1039,32,14,83,L260505039,2026-09-17
2026-05-31,5,1040,90,11,69,L260505040,2027-06-02
2026-05-31,5,1041,37,20,60,L260505041,2027-09-16
2026-05-31,5,1042,66,24,100,L260505042,2026-09-12
2026-05-31,5,1043,41,22,95,L260505043,2027-09-09
2026-05-31,5,1044,37,23,83,L260505044,2027-04-12
2026-05-31,5,1045,38,21,56,L260505045,2027-08-27
2026-05-31,5,1046,20,23,81,L260505046,2027-09-09
2026-05-31,5,1047,41,15,73,L260505047,2027-09-21
2026-05-31,5,1048,46,22,56,L260505048,2027-08-19
2026-05-31,5,1049,40,14,46,L260505049,2026-12-14
2026-05-31,5,1050,19,15,46,L260505050,2027-05-20
2026-05-31,5,1051,35,19,64,L260505051,2026-11-05
2026-05-31,5,1052,90,22,105,L260505052,2027-07-02
2026-05-31,5,1053,63,20,113,L260505053,2026-10-10
2026-05-31,5,1054,68,8,54,L260505054,2026-08-27
2026-05-31,5,1055,54,19,89,L260505055,2027-06-13
2026-05-31,5,1056,52,8,39,L260505056,2027-09-27
2026-05-31,5,1057,13,13,61,L260505057,2027-01-14
2026-05-31,5,1058,84,17,109,L260505058,2027-04-23
2026-05-31,5,1059,71,24,92,L260505059,2026-12-25
2026-05-31,5,1060,44,8,56,L260505060,2027-08-09
2026-05-31,5,1061,68,21,66,L260505061,2027-01-28
2026-05-31,5,1062,34,20,91,L260505062,2026-07-26
2026-05-31,5,1063,17,10,64,L260505063,2027-09-07
2026-05-31,5,1064,36,18,53,L260505064,2027-05-18
2026-05-31,5,1065,52,11,66,L260505065,2026-08-09
2026-05-31,5,1066,12,11,61,L260505066,2026-08-12
2026-05-31,5,1067,29,13,83,L260505067,2027-05-19
2026-05-31,5,1068,28,19,60,L260505068,2027-04-24
2026-05-31,5,1069,4,8,52,L260505069,2026-09-24
2026-05-31,5,1070,94,19,115,L260505070,2026-11-24
2026-05-31,5,1071,28,9,62,L260505071,2026-08-23
2026-05-31,5,1072,83,14,110,L260505072,2026-08-07
2026-05-31,5,1073,32,18,76,L260505073,2026-07-03
2026-05-31,5,1074,68,25,116,L260505074,2026-12-30
2026-05-31,5,1075,52,14,63,L260505075,2027-05-30
2026-05-31,5,1076,65,25,121,L260505076,2026-08-04
2026-05-31,5,1077,59,16,63,L260505077,2027-09-17
2026-05-31,5,1078,67,22,96,L260505078,2026-07-25
2026-05-31,5,1079,0,8,51,L260505079,2026-12-02
2026-05-31,5,1080,0,13,89,L260505080,2027-06-13
2026-05-31,6,1001,44,15,61,L260506001,2027-06-12
2026-05-31,6,1002,69,15,87,L260506002,2027-08-30
2026-05-31,6,1003,66,25,58,L260506003,2027-02-22
2026-05-31,6,1004,23,9,105,L260506004,2026-12-22
2026-05-31,6,1005,38,11,56,L260506005,2027-02-17
2026-05-31,6,1006,53,11,108,L260506006,2027-01-14
2026-05-31,6,1007,61,12,81,L260506007,2027-06-10
2026-05-31,6,1008,51,17,117,L260506008,2026-11-19
2026-05-31,6,1009,43,8,71,L260506009,2026-11-23
2026-05-31,6,1010,25,24,68,L260506010,2026-08-21
2026-05-31,6,1011,55,18,54,L260506011,2027-04-23
2026-05-31,6,1012,58,24,61,L260506012,2026-10-10
2026-05-31,6,1013,13,11,87,L260506013,2027-02-28
2026-05-31,6,1014,40,20,50,L260506014,2026-08-20
2026-05-31,6,1015,6,25,93,L260506015,2027-09-07
2026-05-31,6,1016,36,19,61,L260506016,2027-04-04
2026-05-31,6,1017,18,25,79,L260506017,2026-12-24
2026-05-31,6,1018,30,18,61,L260506018,2027-01-22
2026-05-31,6,1019,27,9,79,L260506019,2027-06-01
2026-05-31,6,1020,54,24,109,L260506020,2027-08-06
2026-05-31,6,1021,41,22,79,L260506021,2026-08-11
2026-05-31,6,1022,43,8,56,L260506022,2027-08-07
2026-05-31,6,1023,24,15,67,L260506023,2026-10-24
2026-05-31,6,1024,34,11,111,L260506024,2027-06-04
2026-05-31,6,1025,29,25,69,L260506025,2026-08-20
2026-05-31,6,1026,24,9,47,L260506026,2026-10-05
2026-05-31,6,1027,106,25,116,L260506027,2027-09-12
2026-05-31,6,1028,68,8,82,L260506028,2027-05-03
2026-05-31,6,1029,84,20,119,L260506029,2027-06-25
2026-05-31,6,1030,101,23,118,L260506030,2027-03-12
2026-05-31,6,1031,77,24,101,L260506031,2027-04-10
2026-05-31,6,1032,0,13,89,L260506032,2027-07-16
2026-05-31,6,1033,55,14,75,L260506033,2026-09-04
2026-05-31,6,1034,17,18,68,L260506034,2026-09-06
2026-05-31,6,1035,78,9,94,L260506035,2027-09-20
2026-05-31,6,1036,27,12,63,L260506036,2026-08-23
2026-05-31,6,1037,11,10,62,L260506037,2027-09-18
2026-05-31,6,1038,27,10,65,L260506038,2027-08-24
2026-05-31,6,1039,34,8,42,L260506039,2026-08-19
2026-05-31,6,1040,43,23,55,L260506040,2026-08-17
2026-05-31,6,1041,47,18,63,L260506041,2026-09-16
2026-05-31,6,1042,66,14,64,L260506042,2026-07-24
2026-05-31,6,1043,95,12,98,L260506043,2027-09-07
2026-05-31,6,1044,20,11,99,L260506044,2027-06-14
2026-05-31,6,1045,11,19,96,L260506045,2027-08-16
2026-05-31,6,1046,38,10,55,L260506046,2027-09-01
2026-05-31,6,1047,48,21,80,L260506047,2026-11-15
2026-05-31,6,1048,33,14,65,L260506048,2026-12-28
2026-05-31,6,1049,43,8,78,L260506049,2027-01-09
2026-05-31,6,1050,29,9,49,L260506050,2026-12-05
2026-05-31,6,1051,52,10,62,L260506051,2027-06-25
2026-05-31,6,1052,0,12,65,L260506052,2026-10-15
2026-05-31,6,1053,61,11,96,L260506053,2026-09-07
2026-05-31,6,1054,18,10,92,L260506054,2026-09-28
2026-05-31,6,1055,96,23,112,L260506055,2027-03-19
2026-05-31,6,1056,28,25,67,L260506056,2027-04-29
2026-05-31,6,1057,26,12,51,L260506057,2027-02-27
2026-05-31,6,1058,28,16,87,L260506058,2027-04-09
2026-05-31,6,1059,90,17,101,L260506059,2027-05-07
2026-05-31,6,1060,0,23,58,L260506060,2027-04-08
2026-05-31,6,1061,89,19,118,L260506061,2027-03-08
2026-05-31,6,1062,34,15,58,L260506062,2027-07-13
2026-05-31,6,1063,16,10,64,L260506063,2027-06-08
2026-05-31,6,1064,51,14,78,L260506064,2026-08-08
2026-05-31,6,1065,68,9,77,L260506065,2027-02-13
2026-05-31,6,1066,48,11,109,L260506066,2027-05-10
2026-05-31,6,1067,62,19,83,L260506067,2026-12-27
2026-05-31,6,1068,71,23,93,L260506068,2026-07-21
2026-05-31,6,1069,28,23,96,L260506069,2027-08-27
2026-05-31,6,1070,21,14,46,L260506070,2027-02-18
2026-05-31,6,1071,66,15,83,L260506071,2026-12-12
2026-05-31,6,1072,41,24,70,L260506072,2026-08-21
2026-05-31,6,1073,32,13,69,L260506073,2027-03-09
2026-05-31,6,1074,94,14,111,L260506074,2027-01-06
2026-05-31,6,1075,36,11,52,L260506075,2027-07-04
2026-05-31,6,1076,66,21,75,L260506076,2026-07-11
2026-05-31,6,1077,40,25,90,L260506077,2026-09-15
2026-05-31,6,1078,84,18,113,L260506078,2026-11-08
2026-05-31,6,1079,71,20,78,L260506079,2026-07-09
2026-05-31,6,1080,60,10,93,L260506080,2026-09-17
2026-06-30,1,1001,61,21,92,L260601001,2026-09-21
2026-06-30,1,1002,58,21,89,L260601002,2026-11-07
2026-06-30,1,1003,81,19,97,L260601003,2026-08-02
2026-06-30,1,1004,93,13,81,L260601004,2026-08-20
2026-06-30,1,1005,28,21,82,L260601005,2026-10-19
2026-06-30,1,1006,39,14,61,L260601006,2027-06-11
2026-06-30,1,1007,20,18,78,L260601007,2027-08-04
2026-06-30,1,1008,12,11,79,L260601008,2026-08-20
2026-06-30,1,1009,68,14,108,L260601009,2027-08-21
2026-06-30,1,1010,44,10,91,L260601010,2027-07-25
2026-06-30,1,1011,36,17,55,L260601011,2027-10-07
2026-06-30,1,1012,12,22,56,L260601012,2027-02-23
2026-06-30,1,1013,82,20,92,L260601013,2027-03-18
2026-06-30,1,1014,54,12,72,L260601014,2027-01-18
2026-06-30,1,1015,72,20,55,L260601015,2027-03-16
2026-06-30,1,1016,29,25,95,L260601016,2027-04-09
2026-06-30,1,1017,43,25,81,L260601017,2026-11-15
2026-06-30,1,1018,0,23,62,L260601018,2027-01-25
2026-06-30,1,1019,35,23,58,L260601019,2027-05-18
2026-06-30,1,1020,35,17,53,L260601020,2026-12-26
2026-06-30,1,1021,61,24,115,L260601021,2027-04-22
2026-06-30,1,1022,23,17,55,L260601022,2027-04-08
2026-06-30,1,1023,42,9,82,L260601023,2027-06-05
2026-06-30,1,1024,0,19,76,L260601024,2027-06-21
2026-06-30,1,1025,55,22,103,L260601025,2027-07-23
2026-06-30,1,1026,36,22,106,L260601026,2027-04-22
2026-06-30,1,1027,59,14,72,L260601027,2026-08-20
2026-06-30,1,1028,58,18,87,L260601028,2027-06-28
2026-06-30,1,1029,78,24,67,L260601029,2027-03-17
2026-06-30,1,1030,42,16,57,L260601030,2027-07-17
2026-06-30,1,1031,51,10,50,L260601031,2027-09-18
2026-06-30,1,1032,52,18,83,L260601032,2026-12-01
2026-06-30,1,1033,72,24,103,L260601033,2027-04-20
2026-06-30,1,1034,38,16,47,L260601034,2027-01-19
2026-06-30,1,1035,5,11,42,L260601035,2027-06-06
2026-06-30,1,1036,11,9,41,L260601036,2027-02-12
2026-06-30,1,1037,63,13,86,L260601037,2027-06-04
2026-06-30,1,1038,0,12,50,L260601038,2026-12-02
2026-06-30,1,1039,45,23,113,L260601039,2027-01-10
2026-06-30,1,1040,45,20,87,L260601040,2026-11-21
2026-06-30,1,1041,0,9,65,L260601041,2026-08-04
2026-06-30,1,1042,80,12,86,L260601042,2027-09-10
2026-06-30,1,1043,40,14,56,L260601043,2026-11-13
2026-06-30,1,1044,52,19,66,L260601044,2027-06-19
2026-06-30,1,1045,48,24,92,L260601045,2027-02-11
2026-06-30,1,1046,71,18,118,L260601046,2027-10-11
2026-06-30,1,1047,54,13,61,L260601047,2026-10-27
2026-06-30,1,1048,69,20,80,L260601048,2026-09-25
2026-06-30,1,1049,63,19,107,L260601049,2027-10-01
2026-06-30,1,1050,83,13,112,L260601050,2027-09-16
2026-06-30,1,1051,44,17,76,L260601051,2027-04-03
2026-06-30,1,1052,41,8,58,L260601052,2027-05-21
2026-06-30,1,1053,39,10,102,L260601053,2027-09-11
2026-06-30,1,1054,24,17,75,L260601054,2027-04-11
2026-06-30,1,1055,22,14,53,L260601055,2026-10-27
2026-06-30,1,1056,68,24,113,L260601056,2027-02-07
2026-06-30,1,1057,56,8,98,L260601057,2027-08-28
2026-06-30,1,1058,62,19,105,L260601058,2027-07-27
2026-06-30,1,1059,73,20,92,L260601059,2027-05-01
2026-06-30,1,1060,63,22,116,L260601060,2027-04-20
2026-06-30,1,1061,50,18,66,L260601061,2027-11-08
2026-06-30,1,1062,52,25,112,L260601062,2027-04-21
2026-06-30,1,1063,75,20,80,L260601063,2027-11-01
2026-06-30,1,1064,5,18,112,L260601064,2027-06-20
2026-06-30,1,1065,10,14,45,L260601065,2027-10-29
2026-06-30,1,1066,79,19,87,L260601066,2027-11-06
2026-06-30,1,1067,52,19,92,L260601067,2026-10-04
2026-06-30,1,1068,33,25,93,L260601068,2027-06-18
2026-06-30,1,1069,30,17,81,L260601069,2027-04-21
2026-06-30,1,1070,53,17,108,L260601070,2027-09-09
2026-06-30,1,1071,68,19,90,L260601071,2027-04-17
2026-06-30,1,1072,37,19,60,L260601072,2026-08-29
2026-06-30,1,1073,0,23,110,L260601073,2027-09-16
2026-06-30,1,1074,44,12,87,L260601074,2027-01-09
2026-06-30,1,1075,46,15,46,L260601075,2027-05-03
2026-06-30,1,1076,0,11,47,L260601076,2027-09-17
2026-06-30,1,1077,47,15,105,L260601077,2027-08-20
2026-06-30,1,1078,32,13,43,L260601078,2026-08-27
2026-06-30,1,1079,22,20,80,L260601079,2027-10-09
2026-06-30,1,1080,65,14,102,L260601080,2027-06-15
2026-06-30,2,1001,27,13,111,L260602001,2027-03-31
2026-06-30,2,1002,41,19,76,L260602002,2027-06-06
2026-06-30,2,1003,88,13,96,L260602003,2026-11-21
2026-06-30,2,1004,18,10,72,L260602004,2027-05-12
2026-06-30,2,1005,6,15,49,L260602005,2027-04-18
2026-06-30,2,1006,23,18,48,L260602006,2027-01-02
2026-06-30,2,1007,20,10,60,L260602007,2027-06-22
2026-06-30,2,1008,37,9,100,L260602008,2027-04-08
2026-06-30,2,1009,64,13,95,L260602009,2027-01-26
2026-06-30,2,1010,53,23,100,L260602010,2027-04-07
2026-06-30,2,1011,17,23,86,L260602011,2027-08-18
2026-06-30,2,1012,63,20,53,L260602012,2026-09-25
2026-06-30,2,1013,51,22,74,L260602013,2027-06-05
2026-06-30,2,1014,99,24,97,L260602014,2027-08-02
2026-06-30,2,1015,47,25,61,L260602015,2026-09-21
2026-06-30,2,1016,80,17,104,L260602016,2027-01-19
2026-06-30,2,1017,87,10,57,L260602017,2027-03-28
2026-06-30,2,1018,70,13,84,L260602018,2027-01-17
2026-06-30,2,1019,60,19,49,L260602019,2026-08-05
2026-06-30,2,1020,63,9,57,L260602020,2027-05-03
2026-06-30,2,1021,62,14,63,L260602021,2026-12-21
2026-06-30,2,1022,42,22,80,L260602022,2027-10-17
2026-06-30,2,1023,34,8,65,L260602023,2027-06-03
2026-06-30,2,1024,51,17,83,L260602024,2026-12-19
2026-06-30,2,1025,76,14,60,L260602025,2027-01-28
2026-06-30,2,1026,84,15,109,L260602026,2027-06-25
2026-06-30,2,1027,50,21,59,L260602027,2027-02-01
2026-06-30,2,1028,57,12,76,L260602028,2026-08-01
2026-06-30,2,1029,63,18,57,L260602029,2027-06-22
2026-06-30,2,1030,41,24,68,L260602030,2027-02-19
2026-06-30,2,1031,65,21,70,L260602031,2026-08-25
2026-06-30,2,1032,56,13,102,L260602032,2027-07-17
2026-06-30,2,1033,14,14,63,L260602033,2026-08-27
2026-06-30,2,1034,35,15,87,L260602034,2027-02-19
2026-06-30,2,1035,56,22,75,L260602035,2027-05-03
2026-06-30,2,1036,32,21,79,L260602036,2027-10-31
2026-06-30,2,1037,25,12,102,L260602037,2026-09-06
2026-06-30,2,1038,46,21,68,L260602038,2026-11-20
2026-06-30,2,1039,42,16,73,L260602039,2027-09-29
2026-06-30,2,1040,8,14,79,L260602040,2027-02-25
2026-06-30,2,1041,47,22,100,L260602041,2026-08-23
2026-06-30,2,1042,55,22,53,L260602042,2027-10-25
2026-06-30,2,1043,47,24,117,L260602043,2026-08-07
2026-06-30,2,1044,59,15,63,L260602044,2026-11-03
2026-06-30,2,1045,77,24,118,L260602045,2027-05-18
2026-06-30,2,1046,82,13,55,L260602046,2027-10-12
2026-06-30,2,1047,42,14,71,L260602047,2027-06-12
2026-06-30,2,1048,40,17,58,L260602048,2027-06-15
2026-06-30,2,1049,86,17,115,L260602049,2027-03-08
2026-06-30,2,1050,36,10,74,L260602050,2026-09-23
2026-06-30,2,1051,34,12,52,L260602051,2026-11-03
2026-06-30,2,1052,23,16,67,L260602052,2026-11-24
2026-06-30,2,1053,46,22,92,L260602053,2027-02-27
2026-06-30,2,1054,90,23,123,L260602054,2027-09-14
2026-06-30,2,1055,22,11,77,L260602055,2027-01-15
2026-06-30,2,1056,70,18,103,L260602056,2027-05-06
2026-06-30,2,1057,53,17,98,L260602057,2026-09-02
2026-06-30,2,1058,51,23,75,L260602058,2027-07-23
2026-06-30,2,1059,45,22,69,L260602059,2026-10-28
2026-06-30,2,1060,46,25,86,L260602060,2026-10-09
2026-06-30,2,1061,46,20,99,L260602061,2026-09-21
2026-06-30,2,1062,62,25,85,L260602062,2027-09-02
2026-06-30,2,1063,82,25,99,L260602063,2027-01-01
2026-06-30,2,1064,47,12,74,L260602064,2027-07-28
2026-06-30,2,1065,47,23,84,L260602065,2027-07-14
2026-06-30,2,1066,0,16,109,L260602066,2026-08-16
2026-06-30,2,1067,82,23,86,L260602067,2027-09-14
2026-06-30,2,1068,56,14,84,L260602068,2027-04-19
2026-06-30,2,1069,56,21,86,L260602069,2026-10-28
2026-06-30,2,1070,29,16,75,L260602070,2026-09-26
2026-06-30,2,1071,0,8,64,L260602071,2026-09-13
2026-06-30,2,1072,59,24,79,L260602072,2027-01-17
2026-06-30,2,1073,54,9,92,L260602073,2026-09-11
2026-06-30,2,1074,29,10,84,L260602074,2027-04-10
2026-06-30,2,1075,23,10,49,L260602075,2026-12-07
2026-06-30,2,1076,58,15,97,L260602076,2027-07-22
2026-06-30,2,1077,24,21,53,L260602077,2027-07-20
2026-06-30,2,1078,47,21,72,L260602078,2026-11-25
2026-06-30,2,1079,59,19,101,L260602079,2026-09-18
2026-06-30,2,1080,58,23,66,L260602080,2026-09-27
2026-06-30,3,1001,0,18,50,L260603001,2026-11-13
2026-06-30,3,1002,68,11,91,L260603002,2027-08-25
2026-06-30,3,1003,12,8,44,L260603003,2027-05-02
2026-06-30,3,1004,26,16,83,L260603004,2026-09-18
2026-06-30,3,1005,99,23,113,L260603005,2027-02-05
2026-06-30,3,1006,22,8,67,L260603006,2027-08-23
2026-06-30,3,1007,54,15,50,L260603007,2026-12-23
2026-06-30,3,1008,0,10,61,L260603008,2026-08-29
2026-06-30,3,1009,42,13,57,L260603009,2027-11-10
2026-06-30,3,1010,78,22,110,L260603010,2026-12-11
2026-06-30,3,1011,13,18,60,L260603011,2027-06-16
2026-06-30,3,1012,64,23,88,L260603012,2026-12-17
2026-06-30,3,1013,16,15,56,L260603013,2027-02-03
2026-06-30,3,1014,54,17,48,L260603014,2027-05-08
2026-06-30,3,1015,34,9,90,L260603015,2026-11-12
2026-06-30,3,1016,15,10,86,L260603016,2027-09-22
2026-06-30,3,1017,24,14,62,L260603017,2026-09-28
2026-06-30,3,1018,0,8,75,L260603018,2027-05-09
2026-06-30,3,1019,64,21,114,L260603019,2027-03-10
2026-06-30,3,1020,35,14,49,L260603020,2026-12-31
2026-06-30,3,1021,28,16,54,L260603021,2027-10-27
2026-06-30,3,1022,45,14,73,L260603022,2026-09-15
2026-06-30,3,1023,64,14,73,L260603023,2027-01-21
2026-06-30,3,1024,62,12,58,L260603024,2027-03-21
2026-06-30,3,1025,56,15,85,L260603025,2027-04-03
2026-06-30,3,1026,76,23,122,L260603026,2026-12-26
2026-06-30,3,1027,44,12,56,L260603027,2026-09-30
2026-06-30,3,1028,62,16,116,L260603028,2027-05-18
2026-06-30,3,1029,39,9,55,L260603029,2027-04-30
2026-06-30,3,1030,30,11,43,L260603030,2026-09-16
2026-06-30,3,1031,55,21,107,L260603031,2027-04-01
2026-06-30,3,1032,56,19,64,L260603032,2027-06-21
2026-06-30,3,1033,18,16,52,L260603033,2027-08-04
2026-06-30,3,1034,44,25,105,L260603034,2027-09-13
2026-06-30,3,1035,75,19,94,L260603035,2027-06-10
2026-06-30,3,1036,71,23,64,L260603036,2027-09-10
2026-06-30,3,1037,73,24,102,L260603037,2027-02-25
2026-06-30,3,1038,60,24,55,L260603038,2026-08-18
2026-06-30,3,1039,69,18,108,L260603039,2027-10-25
2026-06-30,3,1040,61,10,78,L260603040,2027-05-14
2026-06-30,3,1041,15,10,79,L260603041,2026-10-24
2026-06-30,3,1042,25,20,101,L260603042,2026-11-30
2026-06-30,3,1043,77,19,110,L260603043,2026-11-03
2026-06-30,3,1044,22,8,58,L260603044,2027-09-01
2026-06-30,3,1045,61,19,76,L260603045,2026-11-09
2026-06-30,3,1046,40,25,104,L260603046,2026-10-13
2026-06-30,3,1047,69,14,107,L260603047,2027-02-16
2026-06-30,3,1048,0,17,47,L260603048,2026-11-09
2026-06-30,3,1049,42,8,102,L260603049,2026-09-19
2026-06-30,3,1050,38,15,48,L260603050,2027-09-18
2026-06-30,3,1051,101,9,87,L260603051,2027-10-26
2026-06-30,3,1052,54,10,79,L260603052,2027-01-05
2026-06-30,3,1053,23,22,60,L260603053,2027-05-25
2026-06-30,3,1054,70,13,95,L260603054,2026-11-26
2026-06-30,3,1055,13,15,74,L260603055,2027-09-13
2026-06-30,3,1056,87,23,122,L260603056,2027-09-15
2026-06-30,3,1057,31,12,59,L260603057,2027-01-01
2026-06-30,3,1058,63,20,83,L260603058,2027-03-21
2026-06-30,3,1059,55,18,91,L260603059,2027-07-27
2026-06-30,3,1060,67,20,120,L260603060,2026-11-23
2026-06-30,3,1061,24,21,64,L260603061,2027-05-25
2026-06-30,3,1062,30,12,43,L260603062,2027-09-14
2026-06-30,3,1063,47,19,81,L260603063,2027-07-15
2026-06-30,3,1064,59,22,100,L260603064,2027-06-11
2026-06-30,3,1065,0,23,63,L260603065,2027-05-02
2026-06-30,3,1066,99,11,104,L260603066,2027-07-18
2026-06-30,3,1067,67,21,121,L260603067,2027-01-20
2026-06-30,3,1068,18,9,59,L260603068,2027-06-03
2026-06-30,3,1069,42,12,98,L260603069,2027-07-16
2026-06-30,3,1070,30,10,72,L260603070,2027-11-09
2026-06-30,3,1071,35,8,97,L260603071,2027-04-22
2026-06-30,3,1072,49,15,50,L260603072,2027-08-01
2026-06-30,3,1073,35,14,106,L260603073,2027-08-18
2026-06-30,3,1074,35,23,80,L260603074,2026-09-09
2026-06-30,3,1075,81,24,100,L260603075,2027-03-17
2026-06-30,3,1076,25,24,58,L260603076,2027-07-31
2026-06-30,3,1077,40,22,55,L260603077,2027-10-28
2026-06-30,3,1078,0,12,57,L260603078,2026-12-02
2026-06-30,3,1079,49,25,72,L260603079,2027-02-06
2026-06-30,3,1080,51,23,80,L260603080,2026-08-21
2026-06-30,4,1001,54,9,78,L260604001,2027-07-13
2026-06-30,4,1002,55,21,91,L260604002,2027-05-08
2026-06-30,4,1003,35,11,98,L260604003,2027-02-12
2026-06-30,4,1004,24,13,50,L260604004,2026-09-10
2026-06-30,4,1005,53,18,108,L260604005,2026-08-02
2026-06-30,4,1006,68,16,107,L260604006,2026-10-27
2026-06-30,4,1007,10,25,60,L260604007,2027-09-05
2026-06-30,4,1008,85,15,112,L260604008,2027-01-23
2026-06-30,4,1009,23,15,96,L260604009,2026-12-12
2026-06-30,4,1010,0,9,46,L260604010,2026-08-06
2026-06-30,4,1011,32,21,63,L260604011,2026-08-02
2026-06-30,4,1012,37,22,94,L260604012,2026-11-07
2026-06-30,4,1013,68,16,112,L260604013,2027-04-02
2026-06-30,4,1014,60,8,58,L260604014,2027-02-28
2026-06-30,4,1015,61,21,99,L260604015,2027-09-13
2026-06-30,4,1016,89,22,115,L260604016,2027-06-22
2026-06-30,4,1017,57,12,70,L260604017,2027-07-24
2026-06-30,4,1018,52,23,120,L260604018,2027-05-30
2026-06-30,4,1019,46,14,103,L260604019,2027-07-24
2026-06-30,4,1020,88,10,107,L260604020,2026-08-10
2026-06-30,4,1021,43,25,80,L260604021,2027-11-08
2026-06-30,4,1022,34,25,83,L260604022,2027-05-05
2026-06-30,4,1023,7,16,55,L260604023,2027-10-28
2026-06-30,4,1024,6,18,56,L260604024,2027-07-19
2026-06-30,4,1025,0,19,74,L260604025,2026-09-22
2026-06-30,4,1026,57,15,95,L260604026,2027-07-14
2026-06-30,4,1027,46,15,88,L260604027,2027-03-12
2026-06-30,4,1028,41,14,101,L260604028,2027-02-14
2026-06-30,4,1029,99,16,115,L260604029,2027-08-25
2026-06-30,4,1030,24,16,82,L260604030,2026-09-04
2026-06-30,4,1031,41,16,56,L260604031,2027-10-05
2026-06-30,4,1032,54,9,105,L260604032,2027-04-09
2026-06-30,4,1033,53,14,92,L260604033,2026-10-16
2026-06-30,4,1034,0,14,54,L260604034,2026-09-08
2026-06-30,4,1035,75,24,106,L260604035,2026-11-11
2026-06-30,4,1036,43,10,95,L260604036,2027-11-10
2026-06-30,4,1037,40,8,41,L260604037,2027-08-28
2026-06-30,4,1038,62,9,63,L260604038,2027-09-14
2026-06-30,4,1039,83,22,120,L260604039,2027-09-14
2026-06-30,4,1040,71,22,117,L260604040,2027-08-10
2026-06-30,4,1041,107,25,122,L260604041,2027-01-20
2026-06-30,4,1042,64,8,57,L260604042,2026-10-18
2026-06-30,4,1043,83,12,100,L260604043,2027-01-15
2026-06-30,4,1044,60,23,108,L260604044,2027-10-17
2026-06-30,4,1045,68,25,110,L260604045,2027-06-13
2026-06-30,4,1046,0,12,60,L260604046,2027-06-14
2026-06-30,4,1047,67,19,107,L260604047,2027-11-12
2026-06-30,4,1048,45,22,101,L260604048,2027-06-17
2026-06-30,4,1049,18,9,73,L260604049,2027-10-19
2026-06-30,4,1050,38,20,71,L260604050,2027-05-15
2026-06-30,4,1051,0,9,42,L260604051,2027-04-20
2026-06-30,4,1052,61,21,120,L260604052,2026-09-08
2026-06-30,4,1053,25,10,57,L260604053,2027-08-30
2026-06-30,4,1054,47,20,72,L260604054,2027-04-14
2026-06-30,4,1055,59,16,89,L260604055,2026-09-10
2026-06-30,4,1056,84,14,44,L260604056,2027-05-25
2026-06-30,4,1057,71,21,106,L260604057,2027-02-17
2026-06-30,4,1058,20,14,46,L260604058,2027-05-13
2026-06-30,4,1059,55,10,78,L260604059,2026-12-05
2026-06-30,4,1060,26,10,50,L260604060,2027-07-31
2026-06-30,4,1061,83,18,96,L260604061,2027-02-27
2026-06-30,4,1062,57,23,95,L260604062,2027-09-30
2026-06-30,4,1063,59,17,47,L260604063,2026-10-01
2026-06-30,4,1064,58,13,76,L260604064,2027-10-07
2026-06-30,4,1065,57,24,75,L260604065,2026-09-29
2026-06-30,4,1066,33,21,58,L260604066,2026-08-06
2026-06-30,4,1067,76,23,115,L260604067,2027-09-23
2026-06-30,4,1068,32,16,56,L260604068,2027-09-06
2026-06-30,4,1069,34,8,54,L260604069,2027-03-20
2026-06-30,4,1070,82,16,76,L260604070,2027-06-14
2026-06-30,4,1071,51,15,79,L260604071,2027-01-29
2026-06-30,4,1072,18,18,89,L260604072,2026-08-09
2026-06-30,4,1073,30,21,59,L260604073,2027-05-06
2026-06-30,4,1074,0,8,48,L260604074,2027-04-22
2026-06-30,4,1075,28,18,106,L260604075,2026-12-03
2026-06-30,4,1076,25,19,66,L260604076,2027-10-30
2026-06-30,4,1077,43,10,98,L260604077,2027-06-17
2026-06-30,4,1078,46,21,58,L260604078,2027-02-26
2026-06-30,4,1079,38,17,64,L260604079,2027-03-05
2026-06-30,4,1080,48,21,81,L260604080,2026-09-19
2026-06-30,5,1001,45,24,65,L260605001,2027-01-29
2026-06-30,5,1002,49,12,89,L260605002,2027-09-22
2026-06-30,5,1003,44,20,57,L260605003,2027-10-16
2026-06-30,5,1004,87,15,107,L260605004,2026-12-01
2026-06-30,5,1005,11,8,104,L260605005,2026-09-25
2026-06-30,5,1006,53,17,95,L260605006,2027-10-07
2026-06-30,5,1007,59,21,99,L260605007,2027-04-15
2026-06-30,5,1008,25,12,89,L260605008,2026-07-31
2026-06-30,5,1009,40,12,103,L260605009,2027-08-10
2026-06-30,5,1010,42,8,53,L260605010,2027-04-25
2026-06-30,5,1011,71,21,108,L260605011,2026-08-09
2026-06-30,5,1012,84,13,109,L260605012,2026-09-25
2026-06-30,5,1013,60,15,96,L260605013,2027-07-11
2026-06-30,5,1014,49,17,94,L260605014,2027-03-31
2026-06-30,5,1015,18,8,70,L260605015,2027-09-23
2026-06-30,5,1016,71,25,116,L260605016,2027-06-20
2026-06-30,5,1017,62,11,90,L260605017,2026-11-04
2026-06-30,5,1018,92,15,105,L260605018,2026-12-05
2026-06-30,5,1019,65,19,103,L260605019,2026-12-24
2026-06-30,5,1020,0,14,99,L260605020,2027-09-01
2026-06-30,5,1021,69,12,43,L260605021,2027-10-07
2026-06-30,5,1022,52,15,100,L260605022,2026-10-15
2026-06-30,5,1023,89,16,111,L260605023,2027-09-11
2026-06-30,5,1024,33,16,56,L260605024,2027-04-18
2026-06-30,5,1025,69,20,106,L260605025,2027-07-20
2026-06-30,5,1026,0,15,102,L260605026,2027-07-07
2026-06-30,5,1027,8,17,70,L260605027,2027-07-08
2026-06-30,5,1028,38,8,72,L260605028,2027-07-07
2026-06-30,5,1029,21,14,65,L260605029,2027-10-23
2026-06-30,5,1030,72,23,69,L260605030,2027-10-29
2026-06-30,5,1031,38,8,58,L260605031,2027-03-31
2026-06-30,5,1032,30,18,114,L260605032,2026-11-02
2026-06-30,5,1033,12,15,69,L260605033,2026-09-20
2026-06-30,5,1034,56,17,53,L260605034,2027-02-28
2026-06-30,5,1035,42,12,87,L260605035,2027-04-27
2026-06-30,5,1036,44,20,60,L260605036,2026-12-14
2026-06-30,5,1037,49,21,120,L260605037,2027-09-06
2026-06-30,5,1038,75,11,89,L260605038,2027-05-19
2026-06-30,5,1039,67,23,80,L260605039,2027-11-05
2026-06-30,5,1040,43,9,52,L260605040,2026-10-10
2026-06-30,5,1041,57,22,90,L260605041,2026-10-03
2026-06-30,5,1042,0,11,83,L260605042,2027-04-06
2026-06-30,5,1043,0,21,61,L260605043,2027-07-08
2026-06-30,5,1044,94,17,108,L260605044,2026-11-19
2026-06-30,5,1045,59,13,52,L260605045,2027-04-30
2026-06-30,5,1046,27,8,85,L260605046,2027-02-11
2026-06-30,5,1047,42,14,74,L260605047,2027-01-17
2026-06-30,5,1048,59,16,109,L260605048,2027-04-08
2026-06-30,5,1049,31,21,70,L260605049,2027-09-13
2026-06-30,5,1050,0,23,109,L260605050,2027-09-25
2026-06-30,5,1051,19,9,50,L260605051,2027-01-18
2026-06-30,5,1052,47,12,51,L260605052,2026-09-25
2026-06-30,5,1053,47,13,77,L260605053,2027-05-03
2026-06-30,5,1054,5,19,58,L260605054,2027-02-02
2026-06-30,5,1055,75,9,104,L260605055,2026-11-28
2026-06-30,5,1056,54,17,98,L260605056,2027-03-28
2026-06-30,5,1057,36,19,96,L260605057,2026-08-19
2026-06-30,5,1058,39,19,58,L260605058,2026-11-04
2026-06-30,5,1059,31,23,63,L260605059,2027-09-22
2026-06-30,5,1060,0,18,106,L260605060,2027-02-27
2026-06-30,5,1061,36,11,84,L260605061,2027-11-04
2026-06-30,5,1062,81,20,82,L260605062,2026-11-23
2026-06-30,5,1063,23,10,76,L260605063,2027-06-23
2026-06-30,5,1064,36,20,105,L260605064,2027-09-01
2026-06-30,5,1065,28,10,53,L260605065,2026-12-14
2026-06-30,5,1066,21,22,81,L260605066,2027-01-16
2026-06-30,5,1067,43,22,93,L260605067,2027-04-19
2026-06-30,5,1068,81,19,87,L260605068,2026-10-06
2026-06-30,5,1069,31,15,58,L260605069,2027-07-24
2026-06-30,5,1070,49,23,91,L260605070,2026-10-17
2026-06-30,5,1071,39,8,51,L260605071,2027-08-27
2026-06-30,5,1072,50,10,94,L260605072,2027-02-15
2026-06-30,5,1073,32,16,93,L260605073,2027-03-07
2026-06-30,5,1074,56,11,95,L260605074,2026-12-10
2026-06-30,5,1075,82,20,103,L260605075,2027-04-01
2026-06-30,5,1076,50,14,82,L260605076,2027-05-10
2026-06-30,5,1077,57,19,59,L260605077,2026-10-07
2026-06-30,5,1078,55,25,99,L260605078,2027-06-13
2026-06-30,5,1079,28,14,56,L260605079,2026-09-26
2026-06-30,5,1080,21,13,73,L260605080,2027-05-11
2026-06-30,6,1001,54,21,78,L260606001,2027-06-23
2026-06-30,6,1002,58,11,102,L260606002,2027-06-27
2026-06-30,6,1003,79,25,75,L260606003,2027-03-13
2026-06-30,6,1004,37,21,56,L260606004,2026-12-03
2026-06-30,6,1005,82,12,108,L260606005,2026-08-28
2026-06-30,6,1006,32,8,61,L260606006,2026-08-23
2026-06-30,6,1007,23,23,70,L260606007,2027-02-02
2026-06-30,6,1008,35,25,60,L260606008,2027-07-14
2026-06-30,6,1009,64,10,75,L260606009,2027-04-15
2026-06-30,6,1010,48,22,67,L260606010,2027-10-21
2026-06-30,6,1011,59,17,101,L260606011,2026-12-05
2026-06-30,6,1012,73,16,91,L260606012,2027-10-08
2026-06-30,6,1013,49,12,69,L260606013,2027-09-07
2026-06-30,6,1014,41,16,101,L260606014,2027-02-24
2026-06-30,6,1015,107,20,101,L260606015,2026-11-18
2026-06-30,6,1016,59,13,80,L260606016,2027-05-09
2026-06-30,6,1017,49,24,92,L260606017,2026-11-22
2026-06-30,6,1018,92,22,111,L260606018,2027-10-24
2026-06-30,6,1019,93,22,103,L260606019,2027-02-21
2026-06-30,6,1020,35,13,45,L260606020,2027-05-16
2026-06-30,6,1021,54,14,93,L260606021,2026-08-28
2026-06-30,6,1022,58,22,91,L260606022,2027-06-01
2026-06-30,6,1023,28,18,64,L260606023,2026-08-17
2026-06-30,6,1024,83,15,108,L260606024,2027-04-04
2026-06-30,6,1025,35,18,58,L260606025,2026-09-07
2026-06-30,6,1026,11,9,59,L260606026,2026-09-28
2026-06-30,6,1027,0,8,54,L260606027,2026-10-24
2026-06-30,6,1028,54,15,99,L260606028,2027-04-23
2026-06-30,6,1029,19,17,63,L260606029,2026-12-07
2026-06-30,6,1030,57,20,54,L260606030,2027-03-20
2026-06-30,6,1031,76,10,104,L260606031,2026-09-24
2026-06-30,6,1032,32,19,89,L260606032,2027-02-16
2026-06-30,6,1033,43,9,62,L260606033,2027-03-24
2026-06-30,6,1034,66,16,74,L260606034,2026-12-18
2026-06-30,6,1035,116,15,115,L260606035,2027-03-05
2026-06-30,6,1036,39,10,66,L260606036,2026-09-02
2026-06-30,6,1037,33,23,56,L260606037,2027-02-02
2026-06-30,6,1038,37,16,94,L260606038,2027-02-08
2026-06-30,6,1039,75,14,84,L260606039,2026-08-19
2026-06-30,6,1040,0,11,92,L260606040,2027-02-07
2026-06-30,6,1041,40,17,90,L260606041,2027-07-17
2026-06-30,6,1042,48,18,55,L260606042,2026-12-10
2026-06-30,6,1043,24,16,49,L260606043,2027-07-29
2026-06-30,6,1044,22,9,71,L260606044,2026-10-15
2026-06-30,6,1045,41,11,56,L260606045,2027-01-11
2026-06-30,6,1046,48,20,68,L260606046,2027-09-24
2026-06-30,6,1047,64,20,75,L260606047,2027-05-04
2026-06-30,6,1048,45,12,75,L260606048,2027-03-21
2026-06-30,6,1049,80,21,96,L260606049,2027-06-26
2026-06-30,6,1050,46,22,62,L260606050,2026-11-04
2026-06-30,6,1051,82,13,111,L260606051,2027-01-02
2026-06-30,6,1052,46,24,92,L260606052,2027-10-23
2026-06-30,6,1053,44,25,60,L260606053,2027-01-19
2026-06-30,6,1054,36,20,80,L260606054,2026-10-26
2026-06-30,6,1055,46,21,79,L260606055,2027-01-15
2026-06-30,6,1056,26,10,56,L260606056,2027-06-23
2026-06-30,6,1057,42,13,97,L260606057,2027-09-28
2026-06-30,6,1058,19,11,106,L260606058,2026-09-12
2026-06-30,6,1059,0,23,57,L260606059,2027-02-22
2026-06-30,6,1060,74,14,71,L260606060,2027-10-17
2026-06-30,6,1061,59,13,57,L260606061,2027-03-06
2026-06-30,6,1062,75,18,117,L260606062,2027-09-29
2026-06-30,6,1063,81,20,82,L260606063,2027-06-30
2026-06-30,6,1064,30,10,82,L260606064,2026-12-02
2026-06-30,6,1065,53,18,97,L260606065,2027-03-08
2026-06-30,6,1066,57,21,86,L260606066,2027-10-02
2026-06-30,6,1067,44,16,115,L260606067,2026-08-19
2026-06-30,6,1068,69,19,75,L260606068,2026-08-24
2026-06-30,6,1069,71,12,91,L260606069,2027-06-05
2026-06-30,6,1070,58,19,85,L260606070,2027-10-13
2026-06-30,6,1071,0,23,96,L260606071,2027-09-30
2026-06-30,6,1072,63,18,78,L260606072,2026-10-31
2026-06-30,6,1073,42,11,111,L260606073,2027-03-17
2026-06-30,6,1074,47,11,90,L260606074,2026-12-02
2026-06-30,6,1075,48,17,90,L260606075,2027-03-25
2026-06-30,6,1076,71,18,77,L260606076,2026-09-03
2026-06-30,6,1077,107,24,111,L260606077,2027-05-10
2026-06-30,6,1078,74,22,84,L260606078,2027-08-02
2026-06-30,6,1079,25,20,51,L260606079,2027-07-09
2026-06-30,6,1080,59,18,117,L260606080,2027-10-03
2026-07-31,1,1001,61,14,72,L260701001,2026-11-15
2026-07-31,1,1002,82,23,58,L260701002,2027-08-04
2026-07-31,1,1003,14,23,72,L260701003,2027-05-24
2026-07-31,1,1004,79,8,96,L260701004,2027-12-10
2026-07-31,1,1005,0,22,68,L260701005,2027-04-09
2026-07-31,1,1006,0,12,51,L260701006,2027-02-17
2026-07-31,1,1007,32,13,52,L260701007,2026-10-09
2026-07-31,1,1008,26,10,62,L260701008,2027-03-23
2026-07-31,1,1009,44,12,58,L260701009,2027-06-13
2026-07-31,1,1010,34,20,71,L260701010,2027-08-27
2026-07-31,1,1011,39,25,78,L260701011,2027-11-06
2026-07-31,1,1012,28,10,43,L260701012,2026-09-18
2026-07-31,1,1013,25,18,71,L260701013,2027-10-16
2026-07-31,1,1014,63,14,114,L260701014,2027-08-17
2026-07-31,1,1015,53,10,66,L260701015,2027-07-28
2026-07-31,1,1016,33,22,100,L260701016,2027-10-22
2026-07-31,1,1017,29,16,89,L260701017,2026-09-06
2026-07-31,1,1018,23,22,52,L260701018,2027-06-17
2026-07-31,1,1019,69,21,102,L260701019,2027-02-15
2026-07-31,1,1020,41,21,115,L260701020,2026-10-31
2026-07-31,1,1021,100,20,105,L260701021,2027-05-14
2026-07-31,1,1022,68,22,122,L260701022,2026-09-27
2026-07-31,1,1023,61,13,79,L260701023,2027-06-27
2026-07-31,1,1024,76,19,117,L260701024,2027-09-06
2026-07-31,1,1025,60,22,82,L260701025,2026-11-15
2026-07-31,1,1026,15,19,76,L260701026,2027-06-28
2026-07-31,1,1027,67,19,111,L260701027,2027-04-25
2026-07-31,1,1028,32,14,70,L260701028,2026-11-10
2026-07-31,1,1029,87,11,85,L260701029,2027-04-15
2026-07-31,1,1030,62,25,112,L260701030,2027-08-23
2026-07-31,1,1031,63,22,72,L260701031,2027-01-28
2026-07-31,1,1032,51,8,92,L260701032,2026-10-25
2026-07-31,1,1033,16,10,43,L260701033,2027-02-06
2026-07-31,1,1034,35,17,92,L260701034,2027-01-23
2026-07-31,1,1035,48,21,64,L260701035,2027-04-14
2026-07-31,1,1036,55,21,104,L260701036,2027-05-10
2026-07-31,1,1037,39,11,58,L260701037,2027-11-15
2026-07-31,1,1038,40,25,72,L260701038,2026-11-21
2026-07-31,1,1039,13,21,76,L260701039,2026-10-01
2026-07-31,1,1040,29,12,90,L260701040,2026-09-01
2026-07-31,1,1041,90,14,112,L260701041,2026-09-12
2026-07-31,1,1042,25,19,96,L260701042,2027-04-03
2026-07-31,1,1043,37,12,82,L260701043,2027-09-24
2026-07-31,1,1044,46,13,51,L260701044,2027-07-09
2026-07-31,1,1045,42,14,77,L260701045,2026-11-17
2026-07-31,1,1046,18,14,94,L260701046,2027-05-05
2026-07-31,1,1047,52,19,105,L260701047,2027-03-13
2026-07-31,1,1048,38,15,54,L260701048,2027-10-07
2026-07-31,1,1049,5,15,47,L260701049,2026-10-14
2026-07-31,1,1050,18,21,53,L260701050,2027-03-14
2026-07-31,1,1051,57,22,92,L260701051,2027-02-16
2026-07-31,1,1052,36,17,47,L260701052,2027-09-27
2026-07-31,1,1053,29,8,71,L260701053,2027-09-13
2026-07-31,1,1054,43,18,75,L260701054,2026-12-15
2026-07-31,1,1055,54,21,108,L260701055,2027-11-14
2026-07-31,1,1056,35,15,90,L260701056,2027-11-19
2026-07-31,1,1057,74,13,112,L260701057,2027-03-15
2026-07-31,1,1058,60,17,64,L260701058,2027-06-18
2026-07-31,1,1059,40,17,69,L260701059,2026-12-20
2026-07-31,1,1060,27,10,53,L260701060,2026-12-12
2026-07-31,1,1061,14,20,60,L260701061,2027-09-08
2026-07-31,1,1062,47,11,90,L260701062,2027-04-05
2026-07-31,1,1063,15,9,52,L260701063,2027-02-07
2026-07-31,1,1064,43,22,99,L260701064,2027-02-25
2026-07-31,1,1065,45,19,57,L260701065,2027-03-07
2026-07-31,1,1066,66,24,65,L260701066,2027-01-09
2026-07-31,1,1067,65,9,87,L260701067,2027-06-20
2026-07-31,1,1068,85,12,74,L260701068,2027-05-22
2026-07-31,1,1069,0,16,63,L260701069,2027-02-27
2026-07-31,1,1070,0,10,82,L260701070,2027-05-04
2026-07-31,1,1071,54,24,59,L260701071,2027-07-11
2026-07-31,1,1072,40,8,68,L260701072,2027-09-19
2026-07-31,1,1073,56,25,60,L260701073,2027-05-29
2026-07-31,1,1074,33,10,58,L260701074,2026-12-18
2026-07-31,1,1075,68,23,110,L260701075,2026-12-07
2026-07-31,1,1076,42,12,81,L260701076,2027-08-21
2026-07-31,1,1077,63,12,101,L260701077,2027-01-09
2026-07-31,1,1078,2,12,77,L260701078,2027-03-25
2026-07-31,1,1079,0,24,61,L260701079,2027-05-25
2026-07-31,1,1080,77,22,105,L260701080,2027-06-16
2026-07-31,2,1001,27,8,79,L260702001,2027-05-18
2026-07-31,2,1002,56,15,68,L260702002,2027-10-04
2026-07-31,2,1003,31,15,48,L260702003,2027-10-29
2026-07-31,2,1004,29,19,93,L260702004,2027-05-26
2026-07-31,2,1005,59,24,107,L260702005,2027-11-04
2026-07-31,2,1006,30,10,81,L260702006,2027-03-19
2026-07-31,2,1007,44,14,55,L260702007,2027-03-29
2026-07-31,2,1008,57,19,59,L260702008,2027-08-21
2026-07-31,2,1009,45,23,122,L260702009,2027-04-16
2026-07-31,2,1010,65,24,100,L260702010,2027-07-06
2026-07-31,2,1011,17,13,48,L260702011,2027-12-12
2026-07-31,2,1012,43,16,69,L260702012,2026-12-28
2026-07-31,2,1013,43,11,44,L260702013,2026-12-30
2026-07-31,2,1014,1,22,52,L260702014,2026-10-27
2026-07-31,2,1015,39,12,92,L260702015,2027-11-14
2026-07-31,2,1016,24,8,38,L260702016,2027-06-09
2026-07-31,2,1017,43,22,91,L260702017,2027-10-28
2026-07-31,2,1018,46,16,98,L260702018,2026-10-15
2026-07-31,2,1019,73,24,104,L260702019,2027-10-07
2026-07-31,2,1020,86,25,120,L260702020,2027-05-22
2026-07-31,2,1021,42,22,69,L260702021,2027-02-16
2026-07-31,2,1022,69,11,80,L260702022,2026-12-06
2026-07-31,2,1023,81,20,107,L260702023,2027-07-05
2026-07-31,2,1024,0,20,56,L260702024,2027-09-26
2026-07-31,2,1025,34,10,93,L260702025,2027-09-25
2026-07-31,2,1026,36,8,100,L260702026,2027-05-28
2026-07-31,2,1027,40,24,91,L260702027,2026-11-12
2026-07-31,2,1028,73,22,121,L260702028,2027-05-23
2026-07-31,2,1029,48,14,83,L260702029,2027-09-10
2026-07-31,2,1030,73,23,85,L260702030,2026-12-08
2026-07-31,2,1031,64,20,101,L260702031,2027-04-12
2026-07-31,2,1032,57,22,78,L260702032,2027-04-17
2026-07-31,2,1033,50,24,98,L260702033,2027-11-26
2026-07-31,2,1034,34,12,69,L260702034,2026-11-12
2026-07-31,2,1035,32,15,55,L260702035,2027-05-21
2026-07-31,2,1036,11,15,51,L260702036,2026-10-14
2026-07-31,2,1037,56,11,105,L260702037,2027-10-21
2026-07-31,2,1038,24,19,66,L260702038,2027-04-19
2026-07-31,2,1039,68,19,111,L260702039,2027-04-08
2026-07-31,2,1040,35,16,68,L260702040,2026-11-24
2026-07-31,2,1041,21,13,54,L260702041,2026-12-23
2026-07-31,2,1042,0,8,49,L260702042,2027-01-02
2026-07-31,2,1043,59,21,83,L260702043,2027-04-19
2026-07-31,2,1044,69,10,44,L260702044,2026-11-17
2026-07-31,2,1045,39,11,74,L260702045,2026-11-05
2026-07-31,2,1046,28,17,53,L260702046,2027-03-05
2026-07-31,2,1047,12,12,55,L260702047,2027-03-28
2026-07-31,2,1048,39,12,58,L260702048,2026-10-20
2026-07-31,2,1049,69,19,60,L260702049,2027-08-18
2026-07-31,2,1050,24,17,67,L260702050,2027-07-03
2026-07-31,2,1051,45,16,100,L260702051,2026-10-07
2026-07-31,2,1052,62,23,73,L260702052,2026-11-13
2026-07-31,2,1053,82,20,89,L260702053,2027-10-23
2026-07-31,2,1054,70,24,104,L260702054,2027-11-27
2026-07-31,2,1055,38,24,92,L260702055,2027-10-12
2026-07-31,2,1056,6,14,73,L260702056,2027-11-09
2026-07-31,2,1057,71,25,107,L260702057,2026-09-09
2026-07-31,2,1058,49,11,98,L260702058,2027-07-06
2026-07-31,2,1059,7,20,73,L260702059,2027-01-01
2026-07-31,2,1060,42,11,101,L260702060,2026-11-30
2026-07-31,2,1061,39,23,55,L260702061,2027-08-10
2026-07-31,2,1062,31,16,51,L260702062,2027-05-08
2026-07-31,2,1063,33,23,74,L260702063,2027-12-11
2026-07-31,2,1064,77,18,96,L260702064,2027-08-29
2026-07-31,2,1065,51,16,52,L260702065,2026-09-16
2026-07-31,2,1066,90,14,100,L260702066,2027-10-08
2026-07-31,2,1067,34,9,56,L260702067,2027-11-24
2026-07-31,2,1068,43,13,104,L260702068,2026-09-17
2026-07-31,2,1069,24,15,61,L260702069,2027-04-08
2026-07-31,2,1070,41,19,109,L260702070,2027-07-31
2026-07-31,2,1071,26,8,63,L260702071,2027-10-08
2026-07-31,2,1072,63,15,92,L260702072,2027-07-15
2026-07-31,2,1073,42,22,53,L260702073,2027-04-13
2026-07-31,2,1074,56,25,107,L260702074,2027-06-03
2026-07-31,2,1075,66,22,92,L260702075,2027-10-22
2026-07-31,2,1076,62,18,102,L260702076,2027-11-23
2026-07-31,2,1077,27,11,41,L260702077,2027-05-15
2026-07-31,2,1078,61,17,78,L260702078,2027-04-21
2026-07-31,2,1079,84,9,102,L260702079,2027-09-19
2026-07-31,2,1080,67,17,94,L260702080,2026-12-03
2026-07-31,3,1001,0,12,67,L260703001,2027-09-01
2026-07-31,3,1002,65,22,99,L260703002,2027-08-25
2026-07-31,3,1003,52,18,81,L260703003,2026-10-02
2026-07-31,3,1004,1,9,43,L260703004,2026-12-09
2026-07-31,3,1005,80,15,113,L260703005,2027-02-19
2026-07-31,3,1006,45,12,65,L260703006,2027-09-26
2026-07-31,3,1007,66,23,87,L260703007,2027-09-07
2026-07-31,3,1008,77,13,88,L260703008,2027-05-26
2026-07-31,3,1009,85,9,60,L260703009,2027-11-30
2026-07-31,3,1010,48,20,95,L260703010,2026-10-11
2026-07-31,3,1011,59,23,122,L260703011,2027-06-03
2026-07-31,3,1012,19,9,52,L260703012,2027-06-12
2026-07-31,3,1013,56,9,88,L260703013,2026-10-13
2026-07-31,3,1014,43,12,44,L260703014,2027-06-08
2026-07-31,3,1015,56,25,103,L260703015,2026-09-22
2026-07-31,3,1016,64,12,56,L260703016,2026-11-16
2026-07-31,3,1017,37,25,75,L260703017,2027-04-04
2026-07-31,3,1018,57,16,80,L260703018,2026-12-09
2026-07-31,3,1019,53,24,79,L260703019,2027-04-17
2026-07-31,3,1020,15,10,68,L260703020,2027-07-01
2026-07-31,3,1021,67,16,65,L260703021,2026-11-28
2026-07-31,3,1022,3,10,45,L260703022,2027-10-01
2026-07-31,3,1023,92,24,110,L260703023,2027-08-12
2026-07-31,3,1024,39,20,67,L260703024,2027-03-15
2026-07-31,3,1025,48,17,110,L260703025,2027-03-28
2026-07-31,3,1026,52,18,85,L260703026,2027-02-21
2026-07-31,3,1027,60,25,123,L260703027,2027-06-24
2026-07-31,3,1028,14,10,86,L260703028,2027-06-25
2026-07-31,3,1029,55,23,98,L260703029,2026-11-02
2026-07-31,3,1030,27,11,48,L260703030,2027-05-09
2026-07-31,3,1031,32,13,51,L260703031,2026-09-19
2026-07-31,3,1032,34,22,78,L260703032,2026-11-30
2026-07-31,3,1033,52,20,81,L260703033,2027-05-24
2026-07-31,3,1034,75,11,83,L260703034,2027-02-04
2026-07-31,3,1035,42,22,98,L260703035,2027-03-21
2026-07-31,3,1036,58,9,101,L260703036,2027-04-23
2026-07-31,3,1037,31,17,88,L260703037,2027-08-02
2026-07-31,3,1038,37,16,87,L260703038,2027-03-02
2026-07-31,3,1039,63,9,77,L260703039,2027-07-11
2026-07-31,3,1040,67,13,79,L260703040,2027-10-28
2026-07-31,3,1041,31,17,84,L260703041,2027-03-06
2026-07-31,3,1042,29,16,64,L260703042,2027-12-03
2026-07-31,3,1043,53,17,107,L260703043,2027-12-13
2026-07-31,3,1044,28,22,73,L260703044,2026-10-23
2026-07-31,3,1045,84,10,70,L260703045,2027-11-14
2026-07-31,3,1046,44,15,89,L260703046,2027-05-24
2026-07-31,3,1047,58,18,91,L260703047,2027-11-15
2026-07-31,3,1048,25,13,65,L260703048,2026-11-02
2026-07-31,3,1049,23,14,88,L260703049,2027-02-19
2026-07-31,3,1050,68,15,102,L260703050,2027-10-11
2026-07-31,3,1051,45,9,68,L260703051,2027-05-04
2026-07-31,3,1052,70,16,108,L260703052,2027-09-25
2026-07-31,3,1053,16,15,58,L260703053,2027-12-08
2026-07-31,3,1054,108,18,112,L260703054,2026-10-01
2026-07-31,3,1055,34,20,77,L260703055,2027-10-24
2026-07-31,3,1056,27,11,63,L260703056,2027-11-08
2026-07-31,3,1057,47,13,108,L260703057,2027-07-21
2026-07-31,3,1058,26,14,99,L260703058,2027-06-16
2026-07-31,3,1059,7,10,79,L260703059,2026-10-02
2026-07-31,3,1060,71,22,100,L260703060,2027-07-12
2026-07-31,3,1061,30,22,112,L260703061,2027-05-25
2026-07-31,3,1062,12,8,77,L260703062,2027-09-28
2026-07-31,3,1063,64,23,69,L260703063,2027-02-24
2026-07-31,3,1064,89,21,80,L260703064,2027-11-24
2026-07-31,3,1065,30,11,41,L260703065,2027-05-03
2026-07-31,3,1066,24,12,56,L260703066,2027-08-03
2026-07-31,3,1067,47,16,78,L260703067,2026-11-03
2026-07-31,3,1068,41,14,74,L260703068,2027-11-09
2026-07-31,3,1069,53,8,73,L260703069,2027-01-06
2026-07-31,3,1070,46,23,122,L260703070,2027-01-03
2026-07-31,3,1071,36,15,99,L260703071,2026-09-29
2026-07-31,3,1072,34,18,85,L260703072,2027-02-10
2026-07-31,3,1073,23,8,57,L260703073,2027-07-26
2026-07-31,3,1074,26,9,46,L260703074,2027-05-23
2026-07-31,3,1075,0,24,78,L260703075,2027-05-15
2026-07-31,3,1076,54,22,101,L260703076,2027-12-12
2026-07-31,3,1077,69,16,94,L260703077,2027-02-13
2026-07-31,3,1078,32,16,48,L260703078,2026-12-04
2026-07-31,3,1079,73,21,55,L260703079,2027-04-28
2026-07-31,3,1080,50,25,89,L260703080,2027-03-19
2026-07-31,4,1001,75,25,91,L260704001,2027-03-01
2026-07-31,4,1002,92,18,105,L260704002,2026-09-01
2026-07-31,4,1003,36,12,74,L260704003,2027-08-03
2026-07-31,4,1004,57,13,47,L260704004,2027-04-23
2026-07-31,4,1005,22,8,107,L260704005,2026-12-31
2026-07-31,4,1006,26,17,85,L260704006,2027-12-12
2026-07-31,4,1007,29,9,80,L260704007,2027-12-02
2026-07-31,4,1008,35,12,81,L260704008,2026-12-05
2026-07-31,4,1009,38,21,106,L260704009,2027-09-24
2026-07-31,4,1010,82,18,104,L260704010,2027-07-23
2026-07-31,4,1011,53,18,108,L260704011,2027-04-16
2026-07-31,4,1012,61,17,113,L260704012,2027-04-08
2026-07-31,4,1013,58,21,112,L260704013,2027-09-07
2026-07-31,4,1014,7,18,50,L260704014,2026-12-05
2026-07-31,4,1015,68,13,97,L260704015,2027-05-25
2026-07-31,4,1016,33,12,74,L260704016,2027-08-24
2026-07-31,4,1017,9,18,57,L260704017,2027-09-30
2026-07-31,4,1018,80,21,79,L260704018,2027-08-27
2026-07-31,4,1019,25,21,53,L260704019,2027-11-07
2026-07-31,4,1020,37,10,76,L260704020,2026-11-01
2026-07-31,4,1021,78,10,103,L260704021,2027-07-26
2026-07-31,4,1022,0,10,109,L260704022,2027-08-22
2026-07-31,4,1023,1,9,54,L260704023,2027-05-22
2026-07-31,4,1024,60,13,72,L260704024,2027-06-30
2026-07-31,4,1025,40,17,65,L260704025,2027-03-28
2026-07-31,4,1026,0,23,80,L260704026,2026-11-08
2026-07-31,4,1027,48,19,57,L260704027,2026-10-08
2026-07-31,4,1028,43,17,102,L260704028,2027-02-13
2026-07-31,4,1029,8,14,84,L260704029,2027-11-18
2026-07-31,4,1030,54,25,98,L260704030,2027-05-23
2026-07-31,4,1031,56,17,97,L260704031,2027-03-30
2026-07-31,4,1032,37,22,116,L260704032,2027-12-06
2026-07-31,4,1033,29,13,81,L260704033,2026-10-23
2026-07-31,4,1034,61,16,94,L260704034,2027-06-23
2026-07-31,4,1035,40,9,53,L260704035,2026-11-18
2026-07-31,4,1036,1,8,67,L260704036,2026-09-26
2026-07-31,4,1037,62,13,59,L260704037,2026-12-21
2026-07-31,4,1038,49,20,76,L260704038,2027-10-26
2026-07-31,4,1039,67,16,110,L260704039,2027-08-12
2026-07-31,4,1040,40,17,84,L260704040,2027-07-15
2026-07-31,4,1041,19,20,51,L260704041,2027-09-14
2026-07-31,4,1042,21,9,100,L260704042,2026-11-04
2026-07-31,4,1043,79,12,83,L260704043,2027-09-25
2026-07-31,4,1044,18,20,57,L260704044,2027-01-03
2026-07-31,4,1045,51,23,84,L260704045,2027-03-07
2026-07-31,4,1046,34,12,66,L260704046,2027-07-09
2026-07-31,4,1047,57,19,79,L260704047,2027-03-30
2026-07-31,4,1048,0,25,66,L260704048,2027-07-16
2026-07-31,4,1049,63,8,105,L260704049,2027-09-01
2026-07-31,4,1050,33,15,89,L260704050,2027-06-10
2026-07-31,4,1051,18,15,59,L260704051,2026-11-03
2026-07-31,4,1052,52,22,94,L260704052,2027-09-11
2026-07-31,4,1053,29,19,112,L260704053,2027-11-04
2026-07-31,4,1054,99,21,95,L260704054,2027-06-06
2026-07-31,4,1055,49,17,90,L260704055,2027-10-10
2026-07-31,4,1056,10,15,49,L260704056,2027-08-29
2026-07-31,4,1057,3,14,71,L260704057,2026-12-23
2026-07-31,4,1058,26,15,92,L260704058,2026-11-10
2026-07-31,4,1059,0,10,77,L260704059,2026-09-11
2026-07-31,4,1060,48,16,47,L260704060,2027-02-06
2026-07-31,4,1061,13,24,90,L260704061,2027-09-25
2026-07-31,4,1062,57,11,106,L260704062,2027-02-17
2026-07-31,4,1063,48,15,76,L260704063,2027-06-29
2026-07-31,4,1064,0,13,77,L260704064,2027-03-13
2026-07-31,4,1065,41,19,102,L260704065,2027-11-08
2026-07-31,4,1066,37,15,71,L260704066,2026-11-28
2026-07-31,4,1067,50,8,82,L260704067,2026-12-13
2026-07-31,4,1068,60,13,104,L260704068,2026-11-01
2026-07-31,4,1069,40,21,76,L260704069,2027-01-14
2026-07-31,4,1070,79,25,108,L260704070,2026-11-17
2026-07-31,4,1071,41,10,52,L260704071,2027-01-30
2026-07-31,4,1072,66,25,117,L260704072,2026-11-02
2026-07-31,4,1073,25,11,86,L260704073,2026-12-03
2026-07-31,4,1074,69,25,115,L260704074,2026-12-20
2026-07-31,4,1075,57,13,66,L260704075,2026-10-12
2026-07-31,4,1076,74,14,46,L260704076,2026-10-27
2026-07-31,4,1077,84,24,64,L260704077,2027-11-25
2026-07-31,4,1078,74,19,97,L260704078,2027-09-27
2026-07-31,4,1079,50,8,46,L260704079,2027-09-30
2026-07-31,4,1080,50,9,94,L260704080,2026-12-18
2026-07-31,5,1001,25,11,79,L260705001,2027-10-20
2026-07-31,5,1002,32,9,53,L260705002,2027-11-13
2026-07-31,5,1003,54,19,78,L260705003,2027-01-01
2026-07-31,5,1004,22,14,58,L260705004,2027-05-16
2026-07-31,5,1005,8,15,58,L260705005,2027-03-05
2026-07-31,5,1006,5,20,57,L260705006,2027-11-03
2026-07-31,5,1007,64,22,111,L260705007,2027-12-11
2026-07-31,5,1008,38,9,92,L260705008,2027-11-21
2026-07-31,5,1009,40,12,88,L260705009,2026-11-02
2026-07-31,5,1010,35,20,120,L260705010,2026-12-05
2026-07-31,5,1011,71,19,117,L260705011,2027-11-16
2026-07-31,5,1012,94,17,97,L260705012,2026-12-08
2026-07-31,5,1013,61,22,108,L260705013,2027-03-02
2026-07-31,5,1014,21,13,87,L260705014,2027-11-09
2026-07-31,5,1015,31,22,67,L260705015,2027-04-01
2026-07-31,5,1016,22,16,101,L260705016,2026-09-23
2026-07-31,5,1017,74,19,110,L260705017,2026-09-09
2026-07-31,5,1018,44,16,102,L260705018,2027-03-04
2026-07-31,5,1019,86,22,110,L260705019,2027-05-12
2026-07-31,5,1020,47,15,92,L260705020,2027-07-02
2026-07-31,5,1021,18,21,65,L260705021,2027-07-23
2026-07-31,5,1022,54,24,96,L260705022,2027-10-27
2026-07-31,5,1023,27,24,61,L260705023,2026-11-26
2026-07-31,5,1024,43,20,67,L260705024,2027-04-02
2026-07-31,5,1025,31,11,65,L260705025,2027-08-29
2026-07-31,5,1026,38,14,87,L260705026,2027-09-30
2026-07-31,5,1027,55,22,91,L260705027,2027-01-17
2026-07-31,5,1028,71,14,85,L260705028,2027-01-23
2026-07-31,5,1029,36,8,105,L260705029,2027-09-02
2026-07-31,5,1030,39,12,56,L260705030,2027-02-19
2026-07-31,5,1031,61,16,59,L260705031,2026-09-10
2026-07-31,5,1032,70,19,78,L260705032,2027-11-16
2026-07-31,5,1033,88,21,79,L260705033,2027-05-13
2026-07-31,5,1034,19,22,59,L260705034,2027-01-21
2026-07-31,5,1035,78,22,56,L260705035,2027-07-27
2026-07-31,5,1036,77,16,112,L260705036,2027-06-29
2026-07-31,5,1037,56,10,62,L260705037,2026-11-15
2026-07-31,5,1038,44,11,85,L260705038,2027-11-21
2026-07-31,5,1039,65,8,104,L260705039,2026-09-10
2026-07-31,5,1040,48,22,69,L260705040,2027-08-24
2026-07-31,5,1041,45,11,93,L260705041,2027-08-05
2026-07-31,5,1042,46,19,100,L260705042,2027-03-14
2026-07-31,5,1043,36,16,93,L260705043,2027-04-17
2026-07-31,5,1044,59,8,80,L260705044,2027-09-29
2026-07-31,5,1045,8,14,44,L260705045,2027-09-30
2026-07-31,5,1046,36,12,47,L260705046,2027-09-18
2026-07-31,5,1047,76,16,102,L260705047,2027-09-13
2026-07-31,5,1048,64,15,108,L260705048,2027-06-06
2026-07-31,5,1049,41,11,49,L260705049,2027-10-14
2026-07-31,5,1050,53,9,90,L260705050,2026-09-12
2026-07-31,5,1051,53,11,96,L260705051,2027-09-28
2026-07-31,5,1052,26,10,42,L260705052,2026-11-09
2026-07-31,5,1053,76,19,105,L260705053,2027-02-06
2026-07-31,5,1054,75,20,113,L260705054,2027-03-03
2026-07-31,5,1055,22,16,61,L260705055,2027-07-27
2026-07-31,5,1056,54,8,90,L260705056,2027-03-06
2026-07-31,5,1057,67,25,82,L260705057,2027-08-25
2026-07-31,5,1058,34,20,66,L260705058,2026-09-12
2026-07-31,5,1059,48,20,55,L260705059,2026-12-29
2026-07-31,5,1060,68,11,106,L260705060,2027-01-09
2026-07-31,5,1061,93,21,121,L260705061,2027-06-05
2026-07-31,5,1062,55,10,63,L260705062,2027-05-17
2026-07-31,5,1063,78,14,94,L260705063,2027-09-01
2026-07-31,5,1064,57,12,105,L260705064,2027-07-21
2026-07-31,5,1065,79,12,99,L260705065,2026-10-27
2026-07-31,5,1066,70,20,58,L260705066,2027-04-16
2026-07-31,5,1067,27,10,51,L260705067,2027-07-08
2026-07-31,5,1068,53,23,77,L260705068,2026-09-22
2026-07-31,5,1069,45,16,90,L260705069,2027-05-15
2026-07-31,5,1070,52,21,101,L260705070,2027-11-24
2026-07-31,5,1071,52,11,59,L260705071,2027-04-06
2026-07-31,5,1072,43,15,115,L260705072,2027-11-05
2026-07-31,5,1073,47,9,83,L260705073,2026-12-09
2026-07-31,5,1074,30,19,66,L260705074,2027-05-09
2026-07-31,5,1075,33,21,61,L260705075,2026-09-29
2026-07-31,5,1076,64,25,66,L260705076,2027-02-20
2026-07-31,5,1077,42,14,53,L260705077,2027-01-28
2026-07-31,5,1078,141,25,113,L260705078,2026-09-15
2026-07-31,5,1079,59,23,109,L260705079,2027-05-12
2026-07-31,5,1080,60,19,101,L260705080,2026-12-04
2026-07-31,6,1001,11,8,102,L260706001,2027-01-07
2026-07-31,6,1002,12,25,66,L260706002,2027-04-22
2026-07-31,6,1003,56,24,56,L260706003,2027-01-31
2026-07-31,6,1004,79,14,85,L260706004,2027-12-04
2026-07-31,6,1005,0,17,77,L260706005,2027-04-27
2026-07-31,6,1006,16,12,72,L260706006,2027-09-22
2026-07-31,6,1007,12,12,51,L260706007,2027-08-09
2026-07-31,6,1008,62,16,68,L260706008,2027-03-07
2026-07-31,6,1009,56,18,52,L260706009,2027-06-16
2026-07-31,6,1010,56,24,87,L260706010,2026-11-01
2026-07-31,6,1011,0,17,90,L260706011,2027-01-22
2026-07-31,6,1012,53,24,123,L260706012,2027-11-15
2026-07-31,6,1013,39,10,68,L260706013,2027-08-02
2026-07-31,6,1014,50,9,81,L260706014,2027-11-26
2026-07-31,6,1015,43,23,93,L260706015,2026-09-09
2026-07-31,6,1016,28,9,86,L260706016,2027-07-31
2026-07-31,6,1017,35,13,47,L260706017,2027-10-16
2026-07-31,6,1018,51,11,69,L260706018,2027-02-13
2026-07-31,6,1019,68,14,70,L260706019,2027-05-22
2026-07-31,6,1020,32,22,96,L260706020,2027-02-11
2026-07-31,6,1021,46,11,55,L260706021,2026-12-27
2026-07-31,6,1022,44,12,84,L260706022,2027-09-10
2026-07-31,6,1023,0,8,49,L260706023,2027-08-25
2026-07-31,6,1024,95,10,96,L260706024,2026-09-26
2026-07-31,6,1025,56,24,58,L260706025,2027-10-17
2026-07-31,6,1026,37,21,111,L260706026,2027-06-24
2026-07-31,6,1027,0,11,46,L260706027,2027-03-12
2026-07-31,6,1028,32,12,99,L260706028,2026-11-19
2026-07-31,6,1029,26,8,71,L260706029,2026-10-05
2026-07-31,6,1030,46,12,99,L260706030,2026-09-13
2026-07-31,6,1031,38,23,54,L260706031,2027-08-20
2026-07-31,6,1032,67,25,114,L260706032,2027-05-14
2026-07-31,6,1033,39,9,49,L260706033,2027-04-26
2026-07-31,6,1034,57,17,107,L260706034,2026-10-14
2026-07-31,6,1035,57,21,94,L260706035,2027-03-26
2026-07-31,6,1036,9,25,57,L260706036,2026-10-31
2026-07-31,6,1037,15,14,53,L260706037,2027-12-08
2026-07-31,6,1038,35,12,67,L260706038,2027-07-14
2026-07-31,6,1039,57,18,79,L260706039,2027-01-15
2026-07-31,6,1040,52,20,101,L260706040,2027-07-23
2026-07-31,6,1041,74,13,110,L260706041,2027-03-13
2026-07-31,6,1042,33,10,95,L260706042,2027-06-11
2026-07-31,6,1043,32,22,91,L260706043,2027-09-12
2026-07-31,6,1044,59,21,105,L260706044,2027-04-16
2026-07-31,6,1045,75,22,102,L260706045,2027-02-25
2026-07-31,6,1046,73,14,76,L260706046,2026-11-22
2026-07-31,6,1047,82,24,124,L260706047,2027-07-07
2026-07-31,6,1048,35,8,77,L260706048,2027-03-24
2026-07-31,6,1049,61,8,49,L260706049,2026-11-16
2026-07-31,6,1050,0,9,73,L260706050,2027-06-27
2026-07-31,6,1051,0,23,113,L260706051,2026-12-16
2026-07-31,6,1052,35,25,101,L260706052,2027-05-30
2026-07-31,6,1053,62,22,113,L260706053,2027-03-10
2026-07-31,6,1054,47,20,89,L260706054,2027-10-08
2026-07-31,6,1055,48,13,92,L260706055,2027-08-19
2026-07-31,6,1056,29,13,61,L260706056,2027-06-08
2026-07-31,6,1057,23,25,76,L260706057,2026-10-22
2026-07-31,6,1058,51,13,83,L260706058,2027-08-24
2026-07-31,6,1059,49,20,82,L260706059,2027-07-18
2026-07-31,6,1060,36,16,55,L260706060,2027-06-22
2026-07-31,6,1061,32,19,58,L260706061,2026-12-23
2026-07-31,6,1062,44,13,95,L260706062,2026-09-16
2026-07-31,6,1063,59,14,79,L260706063,2027-05-25
2026-07-31,6,1064,80,12,90,L260706064,2027-03-15
2026-07-31,6,1065,28,9,71,L260706065,2027-02-25
2026-07-31,6,1066,34,25,88,L260706066,2027-01-22
2026-07-31,6,1067,43,13,104,L260706067,2027-05-23
2026-07-31,6,1068,65,14,63,L260706068,2027-09-10
2026-07-31,6,1069,64,11,106,L260706069,2027-11-22
2026-07-31,6,1070,33,10,95,L260706070,2027-01-13
2026-07-31,6,1071,70,10,98,L260706071,2026-09-22
2026-07-31,6,1072,25,22,72,L260706072,2026-09-23
2026-07-31,6,1073,56,8,76,L260706073,2027-08-23
2026-07-31,6,1074,50,15,68,L260706074,2026-11-19
2026-07-31,6,1075,29,17,51,L260706075,2027-11-21
2026-07-31,6,1076,64,22,113,L260706076,2026-12-22
2026-07-31,6,1077,63,20,70,L260706077,2027-02-21
2026-07-31,6,1078,24,13,47,L260706078,2026-12-25
2026-07-31,6,1079,61,18,77,L260706079,2027-11-19
2026-07-31,6,1080,94,19,90,L260706080,2027-01-02
2026-08-31,1,1001,46,17,61,L260801001,2027-02-11
2026-08-31,1,1002,18,17,62,L260801002,2026-10-25
2026-08-31,1,1003,14,8,56,L260801003,2027-03-04
2026-08-31,1,1004,0,17,47,L260801004,2027-08-11
2026-08-31,1,1005,77,10,101,L260801005,2027-02-17
2026-08-31,1,1006,55,8,102,L260801006,2026-10-05
2026-08-31,1,1007,53,20,97,L260801007,2026-11-08
2026-08-31,1,1008,75,12,111,L260801008,2027-10-10
2026-08-31,1,1009,52,11,55,L260801009,2026-10-24
2026-08-31,1,1010,59,8,95,L260801010,2027-11-13
2026-08-31,1,1011,7,22,58,L260801011,2026-12-02
2026-08-31,1,1012,0,20,94,L260801012,2027-06-14
2026-08-31,1,1013,44,13,98,L260801013,2027-03-14
2026-08-31,1,1014,0,8,56,L260801014,2027-08-01
2026-08-31,1,1015,68,19,79,L260801015,2027-01-31
2026-08-31,1,1016,25,14,55,L260801016,2027-02-09
2026-08-31,1,1017,92,19,98,L260801017,2027-12-10
2026-08-31,1,1018,0,23,65,L260801018,2028-01-01
2026-08-31,1,1019,93,18,109,L260801019,2027-03-09
2026-08-31,1,1020,0,8,85,L260801020,2026-12-11
2026-08-31,1,1021,60,16,80,L260801021,2027-11-20
2026-08-31,1,1022,56,18,58,L260801022,2027-11-29
2026-08-31,1,1023,8,11,92,L260801023,2027-10-23
2026-08-31,1,1024,0,12,75,L260801024,2027-03-06
2026-08-31,1,1025,38,17,90,L260801025,2026-12-23
2026-08-31,1,1026,60,11,74,L260801026,2027-05-12
2026-08-31,1,1027,33,19,61,L260801027,2028-01-03
2026-08-31,1,1028,60,20,103,L260801028,2027-05-30
2026-08-31,1,1029,71,17,95,L260801029,2027-07-31
2026-08-31,1,1030,32,8,49,L260801030,2027-03-29
2026-08-31,1,1031,104,14,101,L260801031,2027-08-17
2026-08-31,1,1032,32,17,92,L260801032,2027-11-26
2026-08-31,1,1033,38,21,68,L260801033,2027-04-11
2026-08-31,1,1034,8,10,47,L260801034,2027-02-27
2026-08-31,1,1035,31,18,82,L260801035,2027-03-01
2026-08-31,1,1036,71,14,99,L260801036,2027-06-07
2026-08-31,1,1037,85,18,110,L260801037,2027-11-09
2026-08-31,1,1038,73,11,77,L260801038,2027-02-25
2026-08-31,1,1039,83,17,113,L260801039,2028-01-06
2026-08-31,1,1040,0,9,43,L260801040,2027-06-03
2026-08-31,1,1041,63,13,79,L260801041,2027-05-01
2026-08-31,1,1042,34,24,100,L260801042,2027-03-18
2026-08-31,1,1043,0,14,102,L260801043,2027-05-23
2026-08-31,1,1044,46,9,94,L260801044,2027-04-06
2026-08-31,1,1045,37,20,97,L260801045,2027-12-29
2026-08-31,1,1046,21,20,96,L260801046,2027-05-25
2026-08-31,1,1047,59,8,62,L260801047,2027-07-06
2026-08-31,1,1048,28,13,72,L260801048,2027-04-14
2026-08-31,1,1049,33,10,101,L260801049,2027-10-11
2026-08-31,1,1050,54,18,58,L260801050,2027-08-03
2026-08-31,1,1051,20,12,75,L260801051,2027-12-03
2026-08-31,1,1052,4,10,54,L260801052,2027-11-22
2026-08-31,1,1053,16,14,57,L260801053,2026-12-09
2026-08-31,1,1054,45,19,104,L260801054,2027-05-25
2026-08-31,1,1055,0,10,95,L260801055,2027-05-17
2026-08-31,1,1056,64,16,94,L260801056,2027-12-02
2026-08-31,1,1057,55,19,90,L260801057,2026-12-19
2026-08-31,1,1058,46,19,59,L260801058,2027-09-28
2026-08-31,1,1059,69,18,93,L260801059,2027-08-03
2026-08-31,1,1060,65,22,94,L260801060,2027-04-17
2026-08-31,1,1061,64,23,115,L260801061,2026-12-07
2026-08-31,1,1062,89,19,114,L260801062,2027-12-24
2026-08-31,1,1063,75,19,119,L260801063,2026-10-30
2026-08-31,1,1064,0,21,91,L260801064,2026-12-28
2026-08-31,1,1065,34,8,40,L260801065,2027-09-29
2026-08-31,1,1066,33,21,72,L260801066,2027-05-13
2026-08-31,1,1067,0,9,47,L260801067,2027-05-09
2026-08-31,1,1068,22,18,70,L260801068,2027-05-24
2026-08-31,1,1069,87,16,112,L260801069,2026-12-10
2026-08-31,1,1070,48,11,42,L260801070,2026-12-09
2026-08-31,1,1071,81,12,107,L260801071,2027-05-22
2026-08-31,1,1072,55,21,51,L260801072,2027-04-19
2026-08-31,1,1073,72,18,97,L260801073,2027-06-08
2026-08-31,1,1074,37,12,84,L260801074,2027-09-28
2026-08-31,1,1075,63,12,85,L260801075,2027-03-08
2026-08-31,1,1076,39,24,65,L260801076,2026-12-24
2026-08-31,1,1077,53,18,101,L260801077,2027-03-27
2026-08-31,1,1078,82,24,115,L260801078,2027-08-09
2026-08-31,1,1079,49,11,96,L260801079,2027-01-26
2026-08-31,1,1080,63,12,106,L260801080,2027-10-24
2026-08-31,2,1001,38,11,94,L260802001,2027-11-13
2026-08-31,2,1002,59,20,107,L260802002,2027-04-15
2026-08-31,2,1003,51,8,88,L260802003,2027-08-15
2026-08-31,2,1004,45,18,64,L260802004,2027-01-16
2026-08-31,2,1005,62,15,111,L260802005,2027-10-05
2026-08-31,2,1006,57,25,59,L260802006,2026-10-02
2026-08-31,2,1007,55,11,86,L260802007,2027-10-12
2026-08-31,2,1008,29,15,55,L260802008,2026-10-24
2026-08-31,2,1009,81,23,84,L260802009,2027-11-04
2026-08-31,2,1010,40,16,62,L260802010,2027-03-21
2026-08-31,2,1011,68,16,64,L260802011,2027-09-08
2026-08-31,2,1012,51,21,118,L260802012,2026-12-15
2026-08-31,2,1013,67,11,81,L260802013,2027-01-23
2026-08-31,2,1014,65,22,86,L260802014,2027-06-04
2026-08-31,2,1015,68,9,59,L260802015,2027-03-13
2026-08-31,2,1016,61,20,111,L260802016,2027-02-04
2026-08-31,2,1017,34,12,66,L260802017,2027-02-28
2026-08-31,2,1018,24,13,77,L260802018,2027-02-08
2026-08-31,2,1019,83,24,110,L260802019,2027-06-20
2026-08-31,2,1020,58,21,92,L260802020,2027-03-03
2026-08-31,2,1021,49,15,76,L260802021,2027-10-14
2026-08-31,2,1022,49,12,88,L260802022,2026-10-25
2026-08-31,2,1023,56,22,109,L260802023,2026-12-04
2026-08-31,2,1024,57,8,103,L260802024,2026-12-28
2026-08-31,2,1025,36,8,78,L260802025,2027-12-09
2026-08-31,2,1026,68,11,105,L260802026,2027-01-10
2026-08-31,2,1027,43,20,62,L260802027,2026-12-30
2026-08-31,2,1028,85,14,78,L260802028,2027-10-25
2026-08-31,2,1029,35,11,111,L260802029,2027-04-10
2026-08-31,2,1030,69,22,57,L260802030,2027-11-17
2026-08-31,2,1031,23,11,53,L260802031,2027-05-21
2026-08-31,2,1032,49,23,55,L260802032,2026-11-03
2026-08-31,2,1033,45,16,62,L260802033,2027-10-03
2026-08-31,2,1034,17,13,56,L260802034,2027-02-20
2026-08-31,2,1035,43,12,89,L260802035,2026-12-26
2026-08-31,2,1036,57,8,59,L260802036,2027-07-31
2026-08-31,2,1037,57,8,71,L260802037,2027-02-14
2026-08-31,2,1038,52,19,89,L260802038,2027-08-28
2026-08-31,2,1039,62,21,100,L260802039,2027-01-27
2026-08-31,2,1040,67,17,50,L260802040,2027-10-11
2026-08-31,2,1041,41,17,82,L260802041,2027-09-09
2026-08-31,2,1042,0,22,114,L260802042,2027-10-31
2026-08-31,2,1043,30,11,72,L260802043,2027-11-21
2026-08-31,2,1044,54,20,103,L260802044,2026-11-25
2026-08-31,2,1045,39,13,82,L260802045,2027-10-31
2026-08-31,2,1046,41,22,64,L260802046,2026-10-03
2026-08-31,2,1047,24,20,65,L260802047,2026-11-09
2026-08-31,2,1048,62,23,83,L260802048,2027-12-20
2026-08-31,2,1049,95,21,116,L260802049,2027-06-01
2026-08-31,2,1050,43,25,81,L260802050,2027-07-19
2026-08-31,2,1051,50,25,69,L260802051,2027-10-07
2026-08-31,2,1052,77,16,71,L260802052,2027-11-18
2026-08-31,2,1053,60,19,119,L260802053,2027-11-23
2026-08-31,2,1054,52,13,47,L260802054,2027-10-02
2026-08-31,2,1055,63,18,104,L260802055,2027-06-24
2026-08-31,2,1056,52,13,81,L260802056,2027-06-26
2026-08-31,2,1057,19,14,58,L260802057,2027-05-17
2026-08-31,2,1058,68,21,61,L260802058,2027-05-01
2026-08-31,2,1059,74,16,97,L260802059,2027-10-13
2026-08-31,2,1060,68,25,103,L260802060,2027-01-30
2026-08-31,2,1061,49,9,78,L260802061,2027-10-02
2026-08-31,2,1062,61,23,118,L260802062,2027-09-28
2026-08-31,2,1063,47,15,86,L260802063,2027-02-23
2026-08-31,2,1064,41,24,80,L260802064,2027-05-16
2026-08-31,2,1065,55,13,72,L260802065,2027-09-23
2026-08-31,2,1066,51,14,99,L260802066,2027-06-04
2026-08-31,2,1067,43,17,62,L260802067,2027-12-10
2026-08-31,2,1068,87,16,87,L260802068,2027-07-06
2026-08-31,2,1069,67,13,91,L260802069,2027-10-25
2026-08-31,2,1070,47,14,100,L260802070,2027-09-06
2026-08-31,2,1071,70,15,98,L260802071,2027-10-02
2026-08-31,2,1072,25,25,82,L260802072,2027-01-06
2026-08-31,2,1073,73,9,78,L260802073,2027-11-18
2026-08-31,2,1074,27,10,56,L260802074,2027-12-13
2026-08-31,2,1075,13,19,79,L260802075,2027-11-11
2026-08-31,2,1076,8,13,76,L260802076,2026-12-27
2026-08-31,2,1077,36,25,97,L260802077,2027-05-14
2026-08-31,2,1078,56,24,76,L260802078,2027-05-19
2026-08-31,2,1079,19,10,82,L260802079,2026-09-30
2026-08-31,2,1080,37,14,95,L260802080,2027-11-17
2026-08-31,3,1001,29,19,53,L260803001,2027-05-11
2026-08-31,3,1002,44,12,87,L260803002,2027-04-08
2026-08-31,3,1003,65,15,107,L260803003,2027-04-15
2026-08-31,3,1004,22,8,54,L260803004,2027-07-03
2026-08-31,3,1005,22,13,60,L260803005,2027-04-03
2026-08-31,3,1006,59,11,65,L260803006,2027-02-18
2026-08-31,3,1007,42,8,105,L260803007,2027-12-19
2026-08-31,3,1008,73,18,70,L260803008,2027-07-22
2026-08-31,3,1009,68,23,110,L260803009,2027-06-23
2026-08-31,3,1010,46,8,81,L260803010,2026-10-19
2026-08-31,3,1011,72,20,109,L260803011,2027-08-07
2026-08-31,3,1012,0,22,68,L260803012,2027-07-16
2026-08-31,3,1013,44,9,68,L260803013,2027-06-30
2026-08-31,3,1014,46,24,79,L260803014,2027-10-03
2026-08-31,3,1015,9,9,49,L260803015,2027-07-09
2026-08-31,3,1016,18,19,66,L260803016,2027-05-20
2026-08-31,3,1017,23,13,50,L260803017,2027-05-31
2026-08-31,3,1018,24,14,77,L260803018,2027-11-02
2026-08-31,3,1019,42,10,53,L260803019,2027-09-12
2026-08-31,3,1020,22,15,53,L260803020,2027-04-22
2026-08-31,3,1021,30,23,78,L260803021,2027-10-24
2026-08-31,3,1022,49,21,53,L260803022,2027-05-25
2026-08-31,3,1023,62,12,77,L260803023,2027-04-25
2026-08-31,3,1024,85,25,95,L260803024,2027-09-04
2026-08-31,3,1025,21,10,77,L260803025,2026-10-27
2026-08-31,3,1026,36,9,69,L260803026,2026-12-23
2026-08-31,3,1027,70,10,101,L260803027,2026-10-02
2026-08-31,3,1028,53,19,80,L260803028,2027-05-27
2026-08-31,3,1029,62,13,86,L260803029,2027-07-28
2026-08-31,3,1030,46,25,123,L260803030,2027-09-21
2026-08-31,3,1031,68,23,89,L260803031,2027-02-20
2026-08-31,3,1032,59,10,97,L260803032,2027-03-15
2026-08-31,3,1033,31,12,48,L260803033,2026-10-24
2026-08-31,3,1034,43,20,119,L260803034,2026-11-20
2026-08-31,3,1035,53,18,80,L260803035,2027-09-07
2026-08-31,3,1036,73,21,63,L260803036,2027-07-07
2026-08-31,3,1037,40,20,95,L260803037,2026-12-01
2026-08-31,3,1038,57,23,99,L260803038,2026-11-05
2026-08-31,3,1039,40,14,110,L260803039,2027-09-09
2026-08-31,3,1040,28,21,68,L260803040,2027-01-21
2026-08-31,3,1041,49,22,115,L260803041,2026-11-30
2026-08-31,3,1042,36,16,50,L260803042,2027-06-26
2026-08-31,3,1043,42,25,55,L260803043,2027-10-01
2026-08-31,3,1044,58,9,82,L260803044,2027-10-01
2026-08-31,3,1045,0,13,63,L260803045,2026-12-10
2026-08-31,3,1046,47,15,89,L260803046,2027-05-28
2026-08-31,3,1047,22,18,87,L260803047,2027-02-04
2026-08-31,3,1048,58,19,71,L260803048,2027-09-05
2026-08-31,3,1049,0,16,106,L260803049,2027-03-08
2026-08-31,3,1050,31,18,87,L260803050,2027-12-29
2026-08-31,3,1051,75,23,95,L260803051,2026-11-04
2026-08-31,3,1052,81,24,114,L260803052,2027-01-15
2026-08-31,3,1053,34,15,101,L260803053,2027-11-06
2026-08-31,3,1054,58,22,62,L260803054,2027-01-19
2026-08-31,3,1055,54,13,87,L260803055,2027-03-15
2026-08-31,3,1056,60,15,63,L260803056,2026-12-22
2026-08-31,3,1057,63,21,98,L260803057,2027-10-03
2026-08-31,3,1058,57,25,70,L260803058,2027-02-10
2026-08-31,3,1059,24,13,96,L260803059,2026-11-26
2026-08-31,3,1060,0,8,57,L260803060,2027-06-17
2026-08-31,3,1061,29,17,69,L260803061,2027-04-17
2026-08-31,3,1062,24,13,85,L260803062,2026-11-06
2026-08-31,3,1063,62,24,107,L260803063,2027-09-20
2026-08-31,3,1064,26,11,74,L260803064,2027-05-17
2026-08-31,3,1065,25,19,105,L260803065,2026-09-30
2026-08-31,3,1066,39,15,55,L260803066,2028-01-08
2026-08-31,3,1067,55,17,81,L260803067,2027-04-28
2026-08-31,3,1068,37,21,108,L260803068,2027-07-09
2026-08-31,3,1069,46,17,72,L260803069,2027-05-04
2026-08-31,3,1070,69,13,106,L260803070,2026-12-17
2026-08-31,3,1071,5,9,81,L260803071,2027-02-18
2026-08-31,3,1072,35,18,89,L260803072,2027-09-11
2026-08-31,3,1073,72,24,86,L260803073,2026-11-26
2026-08-31,3,1074,32,12,50,L260803074,2027-08-16
2026-08-31,3,1075,65,10,74,L260803075,2026-12-20
2026-08-31,3,1076,40,14,99,L260803076,2027-07-29
2026-08-31,3,1077,12,19,60,L260803077,2027-06-06
2026-08-31,3,1078,28,11,44,L260803078,2027-10-01
2026-08-31,3,1079,0,10,41,L260803079,2027-08-04
2026-08-31,3,1080,45,10,109,L260803080,2027-04-08
2026-08-31,4,1001,38,22,67,L260804001,2027-06-08
2026-08-31,4,1002,72,18,95,L260804002,2026-10-27
2026-08-31,4,1003,58,17,83,L260804003,2027-06-30
2026-08-31,4,1004,72,21,56,L260804004,2027-04-23
2026-08-31,4,1005,27,25,83,L260804005,2026-10-23
2026-08-31,4,1006,71,20,120,L260804006,2027-12-12
2026-08-31,4,1007,35,15,45,L260804007,2027-01-04
2026-08-31,4,1008,46,13,50,L260804008,2027-05-25
2026-08-31,4,1009,15,10,61,L260804009,2026-12-30
2026-08-31,4,1010,42,20,62,L260804010,2027-08-22
2026-08-31,4,1011,6,8,44,L260804011,2028-01-13
2026-08-31,4,1012,66,21,58,L260804012,2026-11-24
2026-08-31,4,1013,48,24,95,L260804013,2027-04-03
2026-08-31,4,1014,55,16,116,L260804014,2027-04-11
2026-08-31,4,1015,26,19,85,L260804015,2027-03-01
2026-08-31,4,1016,109,20,110,L260804016,2027-01-01
2026-08-31,4,1017,74,13,58,L260804017,2027-11-15
2026-08-31,4,1018,38,10,55,L260804018,2027-10-06
2026-08-31,4,1019,52,18,109,L260804019,2026-10-09
2026-08-31,4,1020,50,19,81,L260804020,2026-10-15
2026-08-31,4,1021,54,18,104,L260804021,2026-12-07
2026-08-31,4,1022,59,10,54,L260804022,2027-03-02
2026-08-31,4,1023,29,16,62,L260804023,2027-02-26
2026-08-31,4,1024,54,16,115,L260804024,2027-10-11
2026-08-31,4,1025,42,15,96,L260804025,2027-05-25
2026-08-31,4,1026,0,20,52,L260804026,2027-12-26
2026-08-31,4,1027,28,21,79,L260804027,2027-01-01
2026-08-31,4,1028,34,25,60,L260804028,2027-07-26
2026-08-31,4,1029,59,22,114,L260804029,2027-07-16
2026-08-31,4,1030,79,22,57,L260804030,2026-11-04
2026-08-31,4,1031,46,9,90,L260804031,2027-12-18
2026-08-31,4,1032,37,8,71,L260804032,2027-04-20
2026-08-31,4,1033,56,8,76,L260804033,2026-11-30
2026-08-31,4,1034,27,15,68,L260804034,2027-01-07
2026-08-31,4,1035,25,22,56,L260804035,2027-01-16
2026-08-31,4,1036,51,13,67,L260804036,2027-11-27
2026-08-31,4,1037,56,9,54,L260804037,2027-09-27
2026-08-31,4,1038,41,22,106,L260804038,2027-10-08
2026-08-31,4,1039,46,13,65,L260804039,2027-09-28
2026-08-31,4,1040,69,20,109,L260804040,2027-06-12
2026-08-31,4,1041,60,15,69,L260804041,2027-02-01
2026-08-31,4,1042,45,13,57,L260804042,2027-07-17
2026-08-31,4,1043,67,18,76,L260804043,2027-12-16
2026-08-31,4,1044,42,23,106,L260804044,2027-02-21
2026-08-31,4,1045,21,14,87,L260804045,2027-08-20
2026-08-31,4,1046,79,10,99,L260804046,2027-04-21
2026-08-31,4,1047,33,19,72,L260804047,2027-11-12
2026-08-31,4,1048,91,22,94,L260804048,2027-01-25
2026-08-31,4,1049,34,17,112,L260804049,2027-04-18
2026-08-31,4,1050,27,19,66,L260804050,2027-11-26
2026-08-31,4,1051,21,10,44,L260804051,2027-06-07
2026-08-31,4,1052,49,19,56,L260804052,2027-01-18
2026-08-31,4,1053,79,23,116,L260804053,2027-03-17
2026-08-31,4,1054,33,20,81,L260804054,2027-08-14
2026-08-31,4,1055,3,17,79,L260804055,2027-04-14
2026-08-31,4,1056,58,19,97,L260804056,2027-09-07
2026-08-31,4,1057,45,9,68,L260804057,2028-01-01
2026-08-31,4,1058,46,22,113,L260804058,2027-06-10
2026-08-31,4,1059,11,19,61,L260804059,2027-03-30
2026-08-31,4,1060,20,10,45,L260804060,2027-09-09
2026-08-31,4,1061,36,16,60,L260804061,2026-11-18
2026-08-31,4,1062,48,18,100,L260804062,2027-10-01
2026-08-31,4,1063,60,25,80,L260804063,2027-08-09
2026-08-31,4,1064,68,22,79,L260804064,2027-01-07
2026-08-31,4,1065,31,20,65,L260804065,2027-07-26
2026-08-31,4,1066,85,23,108,L260804066,2027-02-10
2026-08-31,4,1067,45,22,121,L260804067,2026-11-06
2026-08-31,4,1068,45,9,66,L260804068,2027-09-28
2026-08-31,4,1069,73,19,71,L260804069,2027-02-12
2026-08-31,4,1070,33,12,52,L260804070,2027-11-09
2026-08-31,4,1071,36,12,46,L260804071,2027-11-30
2026-08-31,4,1072,37,18,76,L260804072,2027-06-26
2026-08-31,4,1073,73,22,78,L260804073,2027-04-10
2026-08-31,4,1074,68,16,55,L260804074,2028-01-12
2026-08-31,4,1075,56,11,107,L260804075,2026-12-17
2026-08-31,4,1076,36,23,56,L260804076,2027-11-06
2026-08-31,4,1077,38,23,114,L260804077,2027-05-27
2026-08-31,4,1078,48,22,73,L260804078,2027-11-14
2026-08-31,4,1079,55,24,78,L260804079,2027-12-19
2026-08-31,4,1080,55,9,98,L260804080,2027-12-20
2026-08-31,5,1001,32,20,89,L260805001,2026-12-28
2026-08-31,5,1002,62,17,112,L260805002,2027-02-16
2026-08-31,5,1003,52,15,83,L260805003,2027-07-23
2026-08-31,5,1004,43,25,105,L260805004,2028-01-09
2026-08-31,5,1005,50,14,73,L260805005,2027-01-07
2026-08-31,5,1006,62,17,116,L260805006,2027-08-08
2026-08-31,5,1007,52,8,74,L260805007,2027-12-28
2026-08-31,5,1008,14,15,62,L260805008,2027-09-08
2026-08-31,5,1009,41,22,74,L260805009,2027-05-12
2026-08-31,5,1010,42,21,74,L260805010,2026-11-07
2026-08-31,5,1011,58,16,105,L260805011,2027-07-10
2026-08-31,5,1012,44,22,86,L260805012,2027-08-02
2026-08-31,5,1013,90,18,106,L260805013,2027-01-18
2026-08-31,5,1014,40,18,53,L260805014,2027-06-13
2026-08-31,5,1015,65,10,65,L260805015,2027-03-27
2026-08-31,5,1016,0,15,54,L260805016,2027-05-16
2026-08-31,5,1017,51,17,56,L260805017,2027-06-21
2026-08-31,5,1018,0,20,66,L260805018,2027-04-03
2026-08-31,5,1019,48,18,103,L260805019,2026-10-17
2026-08-31,5,1020,33,12,45,L260805020,2027-11-13
2026-08-31,5,1021,34,12,50,L260805021,2027-01-28
2026-08-31,5,1022,12,15,75,L260805022,2027-04-12
2026-08-31,5,1023,76,9,89,L260805023,2027-10-04
2026-08-31,5,1024,33,13,109,L260805024,2027-07-04
2026-08-31,5,1025,73,25,120,L260805025,2027-04-12
2026-08-31,5,1026,78,16,116,L260805026,2027-07-20
2026-08-31,5,1027,8,14,72,L260805027,2027-05-30
2026-08-31,5,1028,35,16,107,L260805028,2027-07-25
2026-08-31,5,1029,17,15,114,L260805029,2027-02-08
2026-08-31,5,1030,4,19,52,L260805030,2027-12-02
2026-08-31,5,1031,33,12,42,L260805031,2027-08-31
2026-08-31,5,1032,60,14,81,L260805032,2027-07-30
2026-08-31,5,1033,17,11,74,L260805033,2026-11-03
2026-08-31,5,1034,65,24,118,L260805034,2027-03-29
2026-08-31,5,1035,72,11,88,L260805035,2027-07-18
2026-08-31,5,1036,96,24,85,L260805036,2027-06-29
2026-08-31,5,1037,78,10,106,L260805037,2027-01-01
2026-08-31,5,1038,35,22,74,L260805038,2027-09-25
2026-08-31,5,1039,39,9,107,L260805039,2026-12-25
2026-08-31,5,1040,90,19,70,L260805040,2027-11-01
2026-08-31,5,1041,64,16,88,L260805041,2026-11-08
2026-08-31,5,1042,37,15,60,L260805042,2027-06-13
2026-08-31,5,1043,0,20,76,L260805043,2026-12-01
2026-08-31,5,1044,0,19,67,L260805044,2027-04-22
2026-08-31,5,1045,89,12,111,L260805045,2027-08-05
2026-08-31,5,1046,59,14,107,L260805046,2026-12-06
2026-08-31,5,1047,84,15,112,L260805047,2027-04-05
2026-08-31,5,1048,86,24,81,L260805048,2027-04-03
2026-08-31,5,1049,84,23,91,L260805049,2026-11-25
2026-08-31,5,1050,6,20,81,L260805050,2027-12-15
2026-08-31,5,1051,24,13,75,L260805051,2026-12-17
2026-08-31,5,1052,64,23,92,L260805052,2026-11-21
2026-08-31,5,1053,53,21,86,L260805053,2027-03-24
2026-08-31,5,1054,67,17,99,L260805054,2027-09-05
2026-08-31,5,1055,76,11,98,L260805055,2027-12-30
2026-08-31,5,1056,41,12,71,L260805056,2027-10-03
2026-08-31,5,1057,76,8,81,L260805057,2027-12-03
2026-08-31,5,1058,24,14,47,L260805058,2027-04-12
2026-08-31,5,1059,24,14,72,L260805059,2027-07-18
2026-08-31,5,1060,74,14,110,L260805060,2026-10-27
2026-08-31,5,1061,32,10,57,L260805061,2027-05-28
2026-08-31,5,1062,0,24,114,L260805062,2027-09-24
2026-08-31,5,1063,62,11,102,L260805063,2027-05-28
2026-08-31,5,1064,31,8,73,L260805064,2027-11-20
2026-08-31,5,1065,60,20,75,L260805065,2027-10-15
2026-08-31,5,1066,51,20,93,L260805066,2027-04-21
2026-08-31,5,1067,46,10,96,L260805067,2027-10-26
2026-08-31,5,1068,55,25,86,L260805068,2027-11-10
2026-08-31,5,1069,35,11,57,L260805069,2027-11-24
2026-08-31,5,1070,52,16,93,L260805070,2027-08-27
2026-08-31,5,1071,0,24,76,L260805071,2027-02-20
2026-08-31,5,1072,78,25,93,L260805072,2026-12-12
2026-08-31,5,1073,37,11,92,L260805073,2027-05-25
2026-08-31,5,1074,44,10,93,L260805074,2026-11-26
2026-08-31,5,1075,50,21,96,L260805075,2026-11-09
2026-08-31,5,1076,77,20,114,L260805076,2027-02-21
2026-08-31,5,1077,28,11,46,L260805077,2027-08-26
2026-08-31,5,1078,49,15,94,L260805078,2027-04-19
2026-08-31,5,1079,99,20,119,L260805079,2027-03-12
2026-08-31,5,1080,46,13,80,L260805080,2026-10-25
2026-08-31,6,1001,55,24,115,L260806001,2027-01-28
2026-08-31,6,1002,61,8,104,L260806002,2027-11-16
2026-08-31,6,1003,28,9,44,L260806003,2027-11-27
2026-08-31,6,1004,82,16,112,L260806004,2027-07-03
2026-08-31,6,1005,23,10,59,L260806005,2027-09-11
2026-08-31,6,1006,42,17,59,L260806006,2027-09-21
2026-08-31,6,1007,65,25,114,L260806007,2027-03-07
2026-08-31,6,1008,25,24,55,L260806008,2027-07-12
2026-08-31,6,1009,51,12,103,L260806009,2026-10-29
2026-08-31,6,1010,42,10,100,L260806010,2026-11-20
2026-08-31,6,1011,40,23,89,L260806011,2027-09-19
2026-08-31,6,1012,51,14,112,L260806012,2027-07-27
2026-08-31,6,1013,49,14,45,L260806013,2027-06-12
2026-08-31,6,1014,67,22,91,L260806014,2027-07-16
2026-08-31,6,1015,44,12,58,L260806015,2026-10-05
2026-08-31,6,1016,73,19,92,L260806016,2027-04-16
2026-08-31,6,1017,72,19,88,L260806017,2027-05-26
2026-08-31,6,1018,78,18,89,L260806018,2026-12-09
2026-08-31,6,1019,57,10,89,L260806019,2027-12-20
2026-08-31,6,1020,6,12,77,L260806020,2026-10-29
2026-08-31,6,1021,30,12,63,L260806021,2027-03-26
2026-08-31,6,1022,64,22,96,L260806022,2027-12-06
2026-08-31,6,1023,49,24,96,L260806023,2027-04-16
2026-08-31,6,1024,3,15,47,L260806024,2027-05-08
2026-08-31,6,1025,22,8,47,L260806025,2027-05-01
2026-08-31,6,1026,46,9,50,L260806026,2027-12-19
2026-08-31,6,1027,39,22,69,L260806027,2027-08-28
2026-08-31,6,1028,39,16,66,L260806028,2027-02-03
2026-08-31,6,1029,27,18,51,L260806029,2028-01-13
2026-08-31,6,1030,32,11,70,L260806030,2027-12-23
2026-08-31,6,1031,41,18,57,L260806031,2027-01-28
2026-08-31,6,1032,55,10,73,L260806032,2027-07-07
2026-08-31,6,1033,52,19,66,L260806033,2027-02-26
2026-08-31,6,1034,50,11,97,L260806034,2027-02-11
2026-08-31,6,1035,63,18,105,L260806035,2027-06-18
2026-08-31,6,1036,64,11,91,L260806036,2027-07-25
2026-08-31,6,1037,8,18,61,L260806037,2026-10-16
2026-08-31,6,1038,64,13,69,L260806038,2026-11-28
2026-08-31,6,1039,92,21,94,L260806039,2027-07-21
2026-08-31,6,1040,73,13,109,L260806040,2027-08-02
2026-08-31,6,1041,32,11,99,L260806041,2026-12-17
2026-08-31,6,1042,74,24,103,L260806042,2027-06-20
2026-08-31,6,1043,78,11,104,L260806043,2027-07-08
2026-08-31,6,1044,43,25,71,L260806044,2027-02-28
2026-08-31,6,1045,0,24,96,L260806045,2026-12-30
2026-08-31,6,1046,50,13,112,L260806046,2027-06-18
2026-08-31,6,1047,29,14,86,L260806047,2027-06-12
2026-08-31,6,1048,30,17,78,L260806048,2027-02-12
2026-08-31,6,1049,37,19,113,L260806049,2027-03-13
2026-08-31,6,1050,3,11,48,L260806050,2027-01-12
2026-08-31,6,1051,91,25,79,L260806051,2027-10-02
2026-08-31,6,1052,53,17,90,L260806052,2027-10-30
2026-08-31,6,1053,42,22,55,L260806053,2027-04-13
2026-08-31,6,1054,0,25,122,L260806054,2027-10-17
2026-08-31,6,1055,6,20,69,L260806055,2028-01-08
2026-08-31,6,1056,40,21,87,L260806056,2027-04-12
2026-08-31,6,1057,57,24,77,L260806057,2027-04-22
2026-08-31,6,1058,4,12,56,L260806058,2028-01-12
2026-08-31,6,1059,39,8,77,L260806059,2028-01-03
2026-08-31,6,1060,76,8,88,L260806060,2027-11-07
2026-08-31,6,1061,40,23,83,L260806061,2026-10-15
2026-08-31,6,1062,72,25,81,L260806062,2027-01-29
2026-08-31,6,1063,82,11,104,L260806063,2027-04-10
2026-08-31,6,1064,3,13,54,L260806064,2027-03-01
2026-08-31,6,1065,26,12,49,L260806065,2027-03-02
2026-08-31,6,1066,29,16,66,L260806066,2027-01-29
2026-08-31,6,1067,23,19,75,L260806067,2027-08-20
2026-08-31,6,1068,52,25,124,L260806068,2027-05-06
2026-08-31,6,1069,27,20,56,L260806069,2027-09-18
2026-08-31,6,1070,58,17,102,L260806070,2027-06-12
2026-08-31,6,1071,11,8,42,L260806071,2028-01-05
2026-08-31,6,1072,29,13,110,L260806072,2027-06-27
2026-08-31,6,1073,52,19,73,L260806073,2027-04-09
2026-08-31,6,1074,70,17,96,L260806074,2027-09-12
2026-08-31,6,1075,80,9,51,L260806075,2027-11-05
2026-08-31,6,1076,63,14,61,L260806076,2027-03-10
2026-08-31,6,1077,53,11,87,L260806077,2026-12-19
2026-08-31,6,1078,80,25,82,L260806078,2027-01-27
2026-08-31,6,1079,20,11,86,L260806079,2027-08-20
2026-08-31,6,1080,100,22,101,L260806080,2027-11-23
